externalId,subjectCode,chapterName,difficulty,questionType,year,tags,contentClassification,sourceType,sourceName,exam,examYear,paperSession,licenseReference,reviewer,reviewDate,correctOption,numericAnswer,en_questionText,en_optionA,en_optionB,en_optionC,en_optionD,en_explanation,ta_questionText,ta_optionA,ta_optionB,ta_optionC,ta_optionD,ta_explanation,ta_reviewed
sivora-authored:1e8a96415d5e748a2820a1d0,JEE_PHYSICS,Units and Measurements,EASY,SINGLE_CORRECT,,,PRODUCTION,SIVORA_AUTHORED,SIVORA JEE Main Full Mock 1,JEE,,,,,,A,,The dimensional formula of Planck constant is:,[ML²T⁻¹],[MLT⁻¹],[ML²T⁻²],[M⁰L²T⁻¹],"Since E=hν, [h]=[E][T]=[ML²T⁻¹].",,,,,,,
sivora-authored:92afb5717df0373dc4c26511,JEE_PHYSICS,Kinematics,MEDIUM,SINGLE_CORRECT,,,PRODUCTION,SIVORA_AUTHORED,SIVORA JEE Main Full Mock 1,JEE,,,,,,B,,"A projectile is launched with speed 20 m s⁻¹ at 30° to the horizontal. Taking g=10 m s⁻², its time of flight is:",1 s,2 s,2√3 s,4 s,T=2u sinθ/g=2×20×(1/2)/10=2 s.,,,,,,,
sivora-authored:895f0582ca590a8524bbfb47,JEE_PHYSICS,Laws of Motion,MEDIUM,SINGLE_CORRECT,,,PRODUCTION,SIVORA_AUTHORED,SIVORA JEE Main Full Mock 1,JEE,,,,,,B,,"A 5 kg block rests on a rough horizontal surface with μs=0.4. Taking g=10 m s⁻², the greatest horizontal force that can act without moving it is:",10 N,20 N,25 N,50 N,The limiting static friction is μsN=0.4×5×10=20 N.,,,,,,,
sivora-authored:63081765a61f9443cd85ca48,JEE_PHYSICS,"Work, Energy and Power",MEDIUM,SINGLE_CORRECT,,,PRODUCTION,SIVORA_AUTHORED,SIVORA JEE Main Full Mock 1,JEE,,,,,,B,,A 2 kg body moving at 6 m s⁻¹ sticks to a 4 kg body initially at rest. Their common speed is:,1 m s⁻¹,2 m s⁻¹,3 m s⁻¹,6 m s⁻¹,Momentum conservation gives v=(2×6)/(2+4)=2 m s⁻¹.,,,,,,,
sivora-authored:c9b0b07b8821db8155f71499,JEE_PHYSICS,Rotational Motion,MEDIUM,SINGLE_CORRECT,,,PRODUCTION,SIVORA_AUTHORED,SIVORA JEE Main Full Mock 1,JEE,,,,,,B,,The moment of inertia of a thin ring of mass M and radius R about a diameter in its plane is:,MR²,MR²/2,MR²/4,2MR²,"By the perpendicular-axis theorem, Iz=Ix+Iy=MR² and symmetry gives Ix=Iy=MR²/2.",,,,,,,
sivora-authored:dce0144d34bde3a2d850c653,JEE_PHYSICS,Gravitation,MEDIUM,SINGLE_CORRECT,,,PRODUCTION,SIVORA_AUTHORED,SIVORA JEE Main Full Mock 1,JEE,,,,,,C,,"If the orbital radius of a satellite is increased by a factor of 4, its time period becomes:",2T,4T,8T,16T,"Kepler’s third law gives T∝r^(3/2), so T becomes 4^(3/2)T=8T.",,,,,,,
sivora-authored:e87960b99af0d835194af88d,JEE_PHYSICS,Properties of Solids and Liquids,MEDIUM,SINGLE_CORRECT,,,PRODUCTION,SIVORA_AUTHORED,SIVORA JEE Main Full Mock 1,JEE,,,,,,C,,"Water flows through a horizontal pipe whose cross-sectional area halves. For steady incompressible flow, the speed in the narrower section is:",v/2,v,2v,4v,Continuity A₁v₁=A₂v₂ gives v₂=2v when A₂=A₁/2.,,,,,,,
sivora-authored:3299b8ce59e253e1b84d2880,JEE_PHYSICS,Thermodynamics,MEDIUM,SINGLE_CORRECT,,,PRODUCTION,SIVORA_AUTHORED,SIVORA JEE Main Full Mock 1,JEE,,,,,,C,,"During one complete thermodynamic cycle, a gas absorbs a net heat of 500 J. The net work done by the gas is:",0 J,250 J,500 J,1000 J,"Over a complete cycle ΔU=0, so the first law gives net work W=Q=500 J.",,,,,,,
sivora-authored:9e02f461dc5fa5e427eb2894,JEE_PHYSICS,Kinetic Theory of Gases,EASY,SINGLE_CORRECT,,,PRODUCTION,SIVORA_AUTHORED,SIVORA JEE Main Full Mock 1,JEE,,,,,,D,,"At fixed temperature, the rms speed of gas molecules is proportional to:",M,√M,1/M,1/√M,"vrms=√(3RT/M), hence vrms∝1/√M.",,,,,,,
sivora-authored:11f4f04e3dc61f1364f98f3a,JEE_PHYSICS,Oscillations and Waves,MEDIUM,SINGLE_CORRECT,,,PRODUCTION,SIVORA_AUTHORED,SIVORA JEE Main Full Mock 1,JEE,,,,,,C,,"For x=A cos(ωt), the speed is maximum when the displacement is:",A,A/2,0,−A,"In SHM, v²=ω²(A²−x²), so speed is maximum at x=0.",,,,,,,
sivora-authored:e7b0a5730f365734c42ad8d8,JEE_PHYSICS,Electrostatics,MEDIUM,SINGLE_CORRECT,,,PRODUCTION,SIVORA_AUTHORED,SIVORA JEE Main Full Mock 1,JEE,,,,,,C,,Two identical capacitors C are connected in series across potential V. Energy stored in the combination is:,CV²,CV²/2,CV²/4,2CV²,Ceq=C/2 and U=(1/2)CeqV²=CV²/4.,,,,,,,
sivora-authored:35e35141efbbda3af887d881,JEE_PHYSICS,Current Electricity,MEDIUM,SINGLE_CORRECT,,,PRODUCTION,SIVORA_AUTHORED,SIVORA JEE Main Full Mock 1,JEE,,,,,,C,,A 6 Ω and a 3 Ω resistor are connected in parallel across 12 V. The total current is:,2 A,4 A,6 A,8 A,"Req=(6×3)/(6+3)=2 Ω, so I=12/2=6 A.",,,,,,,
sivora-authored:3d97a65115c21c1ac32dbdbc,JEE_PHYSICS,Magnetic Effects of Current and Magnetism,MEDIUM,SINGLE_CORRECT,,,PRODUCTION,SIVORA_AUTHORED,SIVORA JEE Main Full Mock 1,JEE,,,,,,C,,A charged particle enters a uniform magnetic field parallel to the field direction. Its magnetic force is:,qvB,qvB/2,zero,dependent on mass,"F=qvB sinθ and θ=0, hence F=0.",,,,,,,
sivora-authored:30362c5fae79aefae1c52439,JEE_PHYSICS,Electromagnetic Induction and Alternating Currents,MEDIUM,SINGLE_CORRECT,,,PRODUCTION,SIVORA_AUTHORED,SIVORA JEE Main Full Mock 1,JEE,,,,,,B,,"For a sinusoidal voltage with peak value 200 V, the rms value is:",100 V,100√2 V,200 V,200√2 V,Vrms=V0/√2=200/√2=100√2 V.,,,,,,,
sivora-authored:a4f61233f9483ea894fc242a,JEE_PHYSICS,Electromagnetic Waves,EASY,SINGLE_CORRECT,,,PRODUCTION,SIVORA_AUTHORED,SIVORA JEE Main Full Mock 1,JEE,,,,,,D,,Which radiation has the greatest frequency?,Microwaves,Infrared,Visible light,X-rays,"Among these, X-rays occupy the highest-frequency region.",,,,,,,
sivora-authored:67a7f800d2e3f2b3f163e260,JEE_PHYSICS,Optics,MEDIUM,SINGLE_CORRECT,,,PRODUCTION,SIVORA_AUTHORED,SIVORA JEE Main Full Mock 1,JEE,,,,,,B,,"In Young’s double-slit experiment, doubling both slit separation and screen distance changes the fringe width to:",β/2,β,2β,4β,β=λD/d; doubling D and d leaves β unchanged.,,,,,,,
sivora-authored:d6658994a74526e19e955bb2,JEE_PHYSICS,Dual Nature of Matter and Radiation,MEDIUM,SINGLE_CORRECT,,,PRODUCTION,SIVORA_AUTHORED,SIVORA JEE Main Full Mock 1,JEE,,,,,,C,,"For a given metal, increasing light intensity above threshold frequency primarily increases the:",stopping potential,maximum kinetic energy,photoelectric current,threshold frequency,Higher intensity supplies more photons per second and therefore increases photoelectric current.,,,,,,,
sivora-authored:ae3093a0e03017d9c09becdb,JEE_PHYSICS,Atoms and Nuclei,MEDIUM,SINGLE_CORRECT,,,PRODUCTION,SIVORA_AUTHORED,SIVORA JEE Main Full Mock 1,JEE,,,,,,C,,A radioactive sample has half-life 4 h. The fraction remaining after 12 h is:,1/2,1/4,1/8,1/16,"Twelve hours is three half-lives, leaving (1/2)³=1/8.",,,,,,,
sivora-authored:75f8c68e51618fe061705b87,JEE_PHYSICS,Electronic Devices,EASY,SINGLE_CORRECT,,,PRODUCTION,SIVORA_AUTHORED,SIVORA JEE Main Full Mock 1,JEE,,,,,,A,,The output of a NAND gate for inputs 1 and 1 is:,0,1,undefined,input-dependent,"AND gives 1 for inputs 1,1 and NAND inverts it to 0.",,,,,,,
sivora-authored:d0863e8450b5af981f17f42d,JEE_PHYSICS,Experimental Skills,MEDIUM,SINGLE_CORRECT,,,PRODUCTION,SIVORA_AUTHORED,SIVORA JEE Main Full Mock 1,JEE,,,,,,B,,"To convert a galvanometer into an ammeter, one connects:",a high resistance in series,a low resistance in parallel,a capacitor in series,an inductor in parallel,A low shunt resistance carries most of the current in parallel with the galvanometer.,,,,,,,
sivora-authored:ce98701e6a9acbbb24d11e3d,JEE_PHYSICS,Kinematics,EASY,NUMERICAL_VALUE,,,PRODUCTION,SIVORA_AUTHORED,SIVORA JEE Main Full Mock 1,JEE,,,,,,,12,"A particle starts from rest with constant acceleration 3 m s⁻². Its speed after 4 s, in m s⁻¹, is:",,,,,v=u+at=0+3×4=12 m s⁻¹.,,,,,,,
sivora-authored:4d2e2602e9977df34cdabb9b,JEE_PHYSICS,"Work, Energy and Power",EASY,NUMERICAL_VALUE,,,PRODUCTION,SIVORA_AUTHORED,SIVORA JEE Main Full Mock 1,JEE,,,,,,,300,"A motor performs 6000 J of work uniformly in 20 s. Its power, in watts, is:",,,,,P=W/t=6000/20=300 W.,,,,,,,
sivora-authored:51afa1034e33c794b8f93cbd,JEE_PHYSICS,Current Electricity,EASY,NUMERICAL_VALUE,,,PRODUCTION,SIVORA_AUTHORED,SIVORA JEE Main Full Mock 1,JEE,,,,,,,20,"A 10 Ω resistor carries 2 A current. The potential difference across it, in volts, is:",,,,,V=IR=2×10=20 V.,,,,,,,
sivora-authored:d0d477e95b58dee501fde3a9,JEE_PHYSICS,Optics,MEDIUM,NUMERICAL_VALUE,,,PRODUCTION,SIVORA_AUTHORED,SIVORA JEE Main Full Mock 1,JEE,,,,,,,5,"A convex lens has focal length 20 cm. Its power, in dioptres, is:",,,,,"P=1/f with f=0.20 m, hence P=5 D.",,,,,,,
sivora-authored:e7cb5d02816a1a17c7c4ad94,JEE_PHYSICS,Atoms and Nuclei,MEDIUM,NUMERICAL_VALUE,,,PRODUCTION,SIVORA_AUTHORED,SIVORA JEE Main Full Mock 1,JEE,,,,,,,22,A nucleus has mass number 40 and atomic number 18. The number of neutrons is:,,,,,Neutrons=A−Z=40−18=22.,,,,,,,
sivora-authored:206c1a3c8cee40e8136bdefb,JEE_CHEMISTRY,Some Basic Concepts in Chemistry,EASY,SINGLE_CORRECT,,,PRODUCTION,SIVORA_AUTHORED,SIVORA JEE Main Full Mock 1,JEE,,,,,,B,,The number of moles in 11.2 L of an ideal gas at STP (molar volume 22.4 L mol⁻¹) is:,0.25,0.50,1.0,2.0,n=V/Vm=11.2/22.4=0.50 mol.,,,,,,,
sivora-authored:641a857e22900eb067660493,JEE_CHEMISTRY,Atomic Structure,MEDIUM,SINGLE_CORRECT,,,PRODUCTION,SIVORA_AUTHORED,SIVORA JEE Main Full Mock 1,JEE,,,,,,C,,"For a 3d electron, the allowed value of azimuthal quantum number l is:",0,1,2,3,A d subshell corresponds to l=2.,,,,,,,
sivora-authored:5187aba960f1b9fc9a710bf3,JEE_CHEMISTRY,Chemical Bonding and Molecular Structure,MEDIUM,SINGLE_CORRECT,,,PRODUCTION,SIVORA_AUTHORED,SIVORA JEE Main Full Mock 1,JEE,,,,,,C,,"According to molecular orbital theory, the bond order of O₂ is:",1,1.5,2,2.5,"O₂ has eight bonding and four antibonding electrons, so bond order=(8−4)/2=2.",,,,,,,
sivora-authored:c65dd6ddd2dc6c494938ddda,JEE_CHEMISTRY,Chemical Thermodynamics,MEDIUM,SINGLE_CORRECT,,,PRODUCTION,SIVORA_AUTHORED,SIVORA JEE Main Full Mock 1,JEE,,,,,,C,,"At constant temperature and pressure, a process is spontaneous when:",ΔG>0,ΔG=0,ΔG<0,ΔH=0 always,Negative Gibbs energy change is the criterion for spontaneity at constant T and P.,,,,,,,
sivora-authored:e9c66cdc12edab57e86584b1,JEE_CHEMISTRY,Solutions,MEDIUM,SINGLE_CORRECT,,,PRODUCTION,SIVORA_AUTHORED,SIVORA JEE Main Full Mock 1,JEE,,,,,,D,,"For equal molal aqueous solutions, which ideally shows the greatest boiling-point elevation?",glucose,urea,NaCl,Al₂(SO₄)₃,ΔTb=iKbm; ideal Al₂(SO₄)₃ produces five ions and has the largest van’t Hoff factor.,,,,,,,
sivora-authored:6e630f7888eb4e2d484ec81a,JEE_CHEMISTRY,Equilibrium,MEDIUM,SINGLE_CORRECT,,,PRODUCTION,SIVORA_AUTHORED,SIVORA JEE Main Full Mock 1,JEE,,,,,,B,,A buffer of equal concentrations of CH₃COOH and CH₃COONa has pH equal to:,7,pKa,pKb,14−pKa,Henderson–Hasselbalch gives pH=pKa+log([salt]/[acid])=pKa.,,,,,,,
sivora-authored:c927bcd6961cd76861509022,JEE_CHEMISTRY,Redox Reactions and Electrochemistry,MEDIUM,SINGLE_CORRECT,,,PRODUCTION,SIVORA_AUTHORED,SIVORA JEE Main Full Mock 1,JEE,,,,,,C,,For a spontaneous galvanic cell under standard conditions:,E°cell<0,E°cell=0,E°cell>0,ΔG°>0,ΔG°=−nFE°cell; spontaneity requires ΔG°<0 and therefore E°cell>0.,,,,,,,
sivora-authored:c716b4a958631575b4441aa9,JEE_CHEMISTRY,Chemical Kinetics,MEDIUM,SINGLE_CORRECT,,,PRODUCTION,SIVORA_AUTHORED,SIVORA JEE Main Full Mock 1,JEE,,,,,,C,,The unit of the rate constant for a first-order reaction is:,mol L⁻¹ s⁻¹,L mol⁻¹ s⁻¹,s⁻¹,mol² L⁻² s⁻¹,"For first order, rate=k[A], so k has dimension time⁻¹.",,,,,,,
sivora-authored:90258b9bc78f93da6ead0d18,JEE_CHEMISTRY,Classification of Elements and Periodicity in Properties,EASY,SINGLE_CORRECT,,,PRODUCTION,SIVORA_AUTHORED,SIVORA JEE Main Full Mock 1,JEE,,,,,,B,,"Across a period from left to right, the first ionization enthalpy generally:",decreases,increases,remains constant,becomes zero,Increasing effective nuclear charge generally raises ionization enthalpy across a period.,,,,,,,
sivora-authored:7d3a1950bf3897981fc2c945,JEE_CHEMISTRY,P-Block Elements,MEDIUM,SINGLE_CORRECT,,,PRODUCTION,SIVORA_AUTHORED,SIVORA JEE Main Full Mock 1,JEE,,,,,,B,,The shape of XeF₄ is:,tetrahedral,square planar,trigonal bipyramidal,see-saw,XeF₄ has six electron pairs in octahedral arrangement; two opposite lone pairs leave square-planar geometry.,,,,,,,
sivora-authored:feb40f3928bffb0914ebb8ab,JEE_CHEMISTRY,D- and F-Block Elements,MEDIUM,SINGLE_CORRECT,,,PRODUCTION,SIVORA_AUTHORED,SIVORA JEE Main Full Mock 1,JEE,,,,,,D,,The highest common oxidation state of manganese is:,+2,+4,+6,+7,"Manganese reaches +7, for example in permanganate.",,,,,,,
sivora-authored:42a0306db3b3296954687585,JEE_CHEMISTRY,Coordination Compounds,MEDIUM,SINGLE_CORRECT,,,PRODUCTION,SIVORA_AUTHORED,SIVORA JEE Main Full Mock 1,JEE,,,,,,C,,The coordination number of Co in [Co(en)₃]³⁺ is:,3,4,6,9,Each en ligand is bidentate; three ligands supply six donor atoms.,,,,,,,
sivora-authored:b99e507cfacc68a95c5212c9,JEE_CHEMISTRY,Purification and Characterisation of Organic Compounds,EASY,SINGLE_CORRECT,,,PRODUCTION,SIVORA_AUTHORED,SIVORA JEE Main Full Mock 1,JEE,,,,,,B,,Which method is most suitable for separating two miscible liquids with close boiling points?,sublimation,fractional distillation,crystallization,filtration,A fractionating column enables repeated vaporization-condensation for close boiling points.,,,,,,,
sivora-authored:f1560dfa074cf1162668008d,JEE_CHEMISTRY,Some Basic Principles of Organic Chemistry,MEDIUM,SINGLE_CORRECT,,,PRODUCTION,SIVORA_AUTHORED,SIVORA JEE Main Full Mock 1,JEE,,,,,,C,,Which carbocation is most stabilized by resonance?,CH₃⁺,CH₃CH₂⁺,C₆H₅CH₂⁺,(CH₃)₃C⁺,The benzyl carbocation delocalizes its positive charge over the aromatic ring.,,,,,,,
sivora-authored:de15dc13ffd3ddedc2e30011,JEE_CHEMISTRY,Hydrocarbons,MEDIUM,SINGLE_CORRECT,,,PRODUCTION,SIVORA_AUTHORED,SIVORA JEE Main Full Mock 1,JEE,,,,,,B,,Propene reacts with HBr in the absence of peroxide to give mainly:,1-bromopropane,2-bromopropane,"1,2-dibromopropane",propan-1-ol,"Markovnikov addition proceeds through the more stable secondary carbocation, giving 2-bromopropane.",,,,,,,
sivora-authored:0f5fc340e57ed01fc0b6c167,JEE_CHEMISTRY,Organic Compounds Containing Halogens,MEDIUM,SINGLE_CORRECT,,,PRODUCTION,SIVORA_AUTHORED,SIVORA JEE Main Full Mock 1,JEE,,,,,,D,,Which substrate undergoes SN1 reaction most readily in a polar protic solvent?,methyl chloride,ethyl chloride,isopropyl chloride,tert-butyl chloride,tert-Butyl chloride forms the most stable tertiary carbocation.,,,,,,,
sivora-authored:1ace994d2491d5834cd4044d,JEE_CHEMISTRY,Organic Compounds Containing Oxygen,MEDIUM,SINGLE_CORRECT,,,PRODUCTION,SIVORA_AUTHORED,SIVORA JEE Main Full Mock 1,JEE,,,,,,C,,Which compound gives a positive Tollens test?,propanone,benzophenone,ethanal,diethyl ether,Ethanal is an aldehyde and reduces Tollens reagent to metallic silver.,,,,,,,
sivora-authored:2d3bd401d85e472190ff46ac,JEE_CHEMISTRY,Organic Compounds Containing Nitrogen,MEDIUM,SINGLE_CORRECT,,,PRODUCTION,SIVORA_AUTHORED,SIVORA JEE Main Full Mock 1,JEE,,,,,,B,,Benzenediazonium chloride on warming with water forms:,benzene,phenol,chlorobenzene,aniline,Aqueous hydrolysis replaces the diazonium group by OH to form phenol.,,,,,,,
sivora-authored:99f260d468a1a773040cd8fa,JEE_CHEMISTRY,Biomolecules,EASY,SINGLE_CORRECT,,,PRODUCTION,SIVORA_AUTHORED,SIVORA JEE Main Full Mock 1,JEE,,,,,,B,,The linkage joining amino-acid residues in proteins is:,glycosidic,peptide,phosphodiester,hydrogen only,A peptide bond is the amide linkage formed between amino and carboxyl groups.,,,,,,,
sivora-authored:0bc09e72af828c646e54c6a3,JEE_CHEMISTRY,Principles Related to Practical Chemistry,MEDIUM,SINGLE_CORRECT,,,PRODUCTION,SIVORA_AUTHORED,SIVORA JEE Main Full Mock 1,JEE,,,,,,A,,A white precipitate with AgNO₃ that dissolves in dilute NH₃ indicates:,Cl⁻,Br⁻,I⁻,SO₄²⁻,AgCl is white and dissolves in dilute ammonia; AgBr needs concentrated ammonia and AgI is insoluble.,,,,,,,
sivora-authored:f344b91948a8a2fd4c124385,JEE_CHEMISTRY,Some Basic Concepts in Chemistry,EASY,NUMERICAL_VALUE,,,PRODUCTION,SIVORA_AUTHORED,SIVORA JEE Main Full Mock 1,JEE,,,,,,,0.5,The number of moles in 9 g of water (molar mass 18 g mol⁻¹) is:,,,,,n=m/M=9/18=0.5 mol.,,,,,,,
sivora-authored:6793380d87594a613ac8a775,JEE_CHEMISTRY,Atomic Structure,EASY,NUMERICAL_VALUE,,,PRODUCTION,SIVORA_AUTHORED,SIVORA JEE Main Full Mock 1,JEE,,,,,,,18,The maximum number of electrons in the n=3 shell is:,,,,,Maximum shell capacity is 2n²=2×3²=18.,,,,,,,
sivora-authored:2155d377a86971a7f9b26f9b,JEE_CHEMISTRY,Equilibrium,EASY,NUMERICAL_VALUE,,,PRODUCTION,SIVORA_AUTHORED,SIVORA JEE Main Full Mock 1,JEE,,,,,,,3,The pH of 1.0×10⁻³ mol L⁻¹ HCl at 25 °C is:,,,,,"Strong HCl gives [H⁺]=10⁻³ mol L⁻¹, so pH=3.",,,,,,,
sivora-authored:e456c4f36f8bd4118652acb7,JEE_CHEMISTRY,Redox Reactions and Electrochemistry,MEDIUM,NUMERICAL_VALUE,,,PRODUCTION,SIVORA_AUTHORED,SIVORA JEE Main Full Mock 1,JEE,,,,,,,6,The oxidation state of sulfur in H₂SO₄ is:,,,,,2(+1)+x+4(−2)=0 gives x=+6.,,,,,,,
sivora-authored:f5e5406a83c1d7390765f25f,JEE_CHEMISTRY,Chemical Kinetics,MEDIUM,NUMERICAL_VALUE,,,PRODUCTION,SIVORA_AUTHORED,SIVORA JEE Main Full Mock 1,JEE,,,,,,,0.1,"For a first-order reaction with k=0.20 min⁻¹, the initial rate when [A]=0.50 mol L⁻¹, in mol L⁻¹ min⁻¹, is:",,,,,Rate=k[A]=0.20×0.50=0.10 mol L⁻¹ min⁻¹.,,,,,,,
sivora-authored:61e066618fe80d52a4903161,JEE_MATHEMATICS,"Sets, Relations and Functions",EASY,SINGLE_CORRECT,,,PRODUCTION,SIVORA_AUTHORED,SIVORA JEE Main Full Mock 1,JEE,,,,,,B,,"If A={1,2,3} and B={3,4}, then A∩B is:","{1,2}",{3},"{3,4}",∅,The only element common to both sets is 3.,,,,,,,
sivora-authored:cae0e887e766ba38b5f7955f,JEE_MATHEMATICS,Complex Numbers and Quadratic Equations,EASY,SINGLE_CORRECT,,,PRODUCTION,SIVORA_AUTHORED,SIVORA JEE Main Full Mock 1,JEE,,,,,,B,,The modulus of 3−4i is:,1,5,7,25,|3−4i|=√(3²+4²)=5.,,,,,,,
sivora-authored:c899e00d0ce639e00566615c,JEE_MATHEMATICS,Complex Numbers and Quadratic Equations,MEDIUM,SINGLE_CORRECT,,,PRODUCTION,SIVORA_AUTHORED,SIVORA JEE Main Full Mock 1,JEE,,,,,,B,,The roots of x²−5x+6=0 are:,"1,6","2,3","−2,−3","3,5",x²−5x+6=(x−2)(x−3).,,,,,,,
sivora-authored:f56a64338bab3e27d35249c1,JEE_MATHEMATICS,Matrices and Determinants,MEDIUM,SINGLE_CORRECT,,,PRODUCTION,SIVORA_AUTHORED,SIVORA JEE Main Full Mock 1,JEE,,,,,,A,,"The determinant of [[2,1],[3,4]] is:",5,8,11,−5,The determinant is 2×4−1×3=5.,,,,,,,
sivora-authored:18071741ab1340bd690e4c71,JEE_MATHEMATICS,Permutations and Combinations,MEDIUM,SINGLE_CORRECT,,,PRODUCTION,SIVORA_AUTHORED,SIVORA JEE Main Full Mock 1,JEE,,,,,,C,,The number of ways to choose 3 students from 8 is:,24,48,56,336,The count is ⁸C₃=8×7×6/(3×2×1)=56.,,,,,,,
sivora-authored:b6f01263a7199de5ab626022,JEE_MATHEMATICS,Binomial Theorem and Its Simple Applications,MEDIUM,SINGLE_CORRECT,,,PRODUCTION,SIVORA_AUTHORED,SIVORA JEE Main Full Mock 1,JEE,,,,,,B,,The coefficient of x² in (1+x)⁵ is:,5,10,15,20,The coefficient is ⁵C₂=10.,,,,,,,
sivora-authored:32cd38ddc10de544ebde2443,JEE_MATHEMATICS,Sequence and Series,MEDIUM,SINGLE_CORRECT,,,PRODUCTION,SIVORA_AUTHORED,SIVORA JEE Main Full Mock 1,JEE,,,,,,B,,The sum to infinity of 3+1.5+0.75+… is:,4.5,6,7.5,9,"For |r|<1, S=a/(1−r)=3/(1−1/2)=6.",,,,,,,
sivora-authored:eecade4da6206512083e2b17,JEE_MATHEMATICS,"Limit, Continuity and Differentiability",MEDIUM,SINGLE_CORRECT,,,PRODUCTION,SIVORA_AUTHORED,SIVORA JEE Main Full Mock 1,JEE,,,,,,C,,The value of lim(x→0) sin(3x)/x is:,0,1,3,∞,sin(3x)/x=3[sin(3x)/(3x)]→3.,,,,,,,
sivora-authored:a1e3f4873479da86db8775b6,JEE_MATHEMATICS,"Limit, Continuity and Differentiability",MEDIUM,SINGLE_CORRECT,,,PRODUCTION,SIVORA_AUTHORED,SIVORA JEE Main Full Mock 1,JEE,,,,,,C,,"If y=x³eˣ, then dy/dx is:",3x²eˣ,x³eˣ,eˣ(x³+3x²),eˣ(x³−3x²),The product rule gives eˣx³+eˣ3x²=eˣ(x³+3x²).,,,,,,,
sivora-authored:e5218c01bf1f4e1b7f5e79c1,JEE_MATHEMATICS,Integral Calculus,EASY,SINGLE_CORRECT,,,PRODUCTION,SIVORA_AUTHORED,SIVORA JEE Main Full Mock 1,JEE,,,,,,A,,∫2x dx equals:,x²+C,2x²+C,x+C,ln|x|+C,The antiderivative of 2x is x²+C.,,,,,,,
sivora-authored:e5348038f0e331b2b1603a3d,JEE_MATHEMATICS,Integral Calculus,MEDIUM,SINGLE_CORRECT,,,PRODUCTION,SIVORA_AUTHORED,SIVORA JEE Main Full Mock 1,JEE,,,,,,B,,The value of ∫₀¹ x² dx is:,1/2,1/3,1,3,[x³/3]₀¹=1/3.,,,,,,,
sivora-authored:3e22371af8b3baeea44e5cbd,JEE_MATHEMATICS,Differential Equations,MEDIUM,SINGLE_CORRECT,,,PRODUCTION,SIVORA_AUTHORED,SIVORA JEE Main Full Mock 1,JEE,,,,,,B,,A general solution of dy/dx=2x is:,y=2x+C,y=x²+C,y=x²,y=2x²+C,Integrating gives y=∫2x dx=x²+C.,,,,,,,
sivora-authored:4fe64106b9be051e38b0d497,JEE_MATHEMATICS,Coordinate Geometry,EASY,SINGLE_CORRECT,,,PRODUCTION,SIVORA_AUTHORED,SIVORA JEE Main Full Mock 1,JEE,,,,,,B,,The slope of the line 2x−3y+6=0 is:,−2/3,2/3,3/2,−3/2,Writing y=(2/3)x+2 shows slope 2/3.,,,,,,,
sivora-authored:8e7ffa7f62f43b844d7a33f3,JEE_MATHEMATICS,Coordinate Geometry,MEDIUM,SINGLE_CORRECT,,,PRODUCTION,SIVORA_AUTHORED,SIVORA JEE Main Full Mock 1,JEE,,,,,,B,,The radius of x²+y²−6x+8y+9=0 is:,3,4,5,7,"Completing squares gives (x−3)²+(y+4)²=16, so radius 4.",,,,,,,
sivora-authored:4073096d95181da8e7e71536,JEE_MATHEMATICS,Three Dimensional Geometry,MEDIUM,SINGLE_CORRECT,,,PRODUCTION,SIVORA_AUTHORED,SIVORA JEE Main Full Mock 1,JEE,,,,,,B,,"If l,m,n are direction cosines of a line, then:",l+m+n=1,l²+m²+n²=1,lm+mn+nl=1,lmn=1,"Direction cosines are components of a unit vector, hence their squares sum to 1.",,,,,,,
sivora-authored:c10de35acdb9992bfe2748e3,JEE_MATHEMATICS,Vector Algebra,MEDIUM,SINGLE_CORRECT,,,PRODUCTION,SIVORA_AUTHORED,SIVORA JEE Main Full Mock 1,JEE,,,,,,B,,"For perpendicular nonzero vectors a and b, a·b equals:",−1,0,1,|a||b|,a·b=|a||b|cos90°=0.,,,,,,,
sivora-authored:42be8860e274673998195687,JEE_MATHEMATICS,Statistics and Probability,EASY,SINGLE_CORRECT,,,PRODUCTION,SIVORA_AUTHORED,SIVORA JEE Main Full Mock 1,JEE,,,,,,B,,A fair die is rolled once. The probability of obtaining a prime number is:,1/3,1/2,2/3,5/6,"Prime outcomes are 2,3,5: three of six outcomes, giving 1/2.",,,,,,,
sivora-authored:2414421d44c1488f45ca58a5,JEE_MATHEMATICS,Statistics and Probability,MEDIUM,SINGLE_CORRECT,,,PRODUCTION,SIVORA_AUTHORED,SIVORA JEE Main Full Mock 1,JEE,,,,,,C,,"Events A and B satisfy P(A)=0.5, P(B|A)=0.4 and P(B)=0.25. Then P(A|B) is:",0.2,0.4,0.8,1.0,Bayes theorem gives P(A|B)=P(B|A)P(A)/P(B)=0.4×0.5/0.25=0.8.,,,,,,,
sivora-authored:114a5292feb6bcc90133722e,JEE_MATHEMATICS,Trigonometry,EASY,SINGLE_CORRECT,,,PRODUCTION,SIVORA_AUTHORED,SIVORA JEE Main Full Mock 1,JEE,,,,,,A,,"For all θ where defined, (1−cos2θ)/2 equals:",sin²θ,cos²θ,tan²θ,sin2θ,The double-angle identity is cos2θ=1−2sin²θ.,,,,,,,
sivora-authored:71d3ecea5083cad93b11ada3,JEE_MATHEMATICS,Trigonometry,MEDIUM,SINGLE_CORRECT,,,PRODUCTION,SIVORA_AUTHORED,SIVORA JEE Main Full Mock 1,JEE,,,,,,A,,The principal value of sin⁻¹(1/2) is:,π/6,π/3,2π/3,5π/6,"The principal range is [−π/2,π/2], and sin(π/6)=1/2.",,,,,,,
sivora-authored:fe33e96cee23f14ed56c1d4b,JEE_MATHEMATICS,Matrices and Determinants,EASY,NUMERICAL_VALUE,,,PRODUCTION,SIVORA_AUTHORED,SIVORA JEE Main Full Mock 1,JEE,,,,,,,8,"If A is a 2×3 matrix and B is a 3×4 matrix, the number of entries in AB is:",,,,,AB has order 2×4 and therefore 8 entries.,,,,,,,
sivora-authored:8894dca8fa8e3370d36ee2ce,JEE_MATHEMATICS,Permutations and Combinations,EASY,NUMERICAL_VALUE,,,PRODUCTION,SIVORA_AUTHORED,SIVORA JEE Main Full Mock 1,JEE,,,,,,,6,The number of distinct arrangements of the letters of CAT is:,,,,,"All three letters are distinct, so the number is 3!=6.",,,,,,,
sivora-authored:b5f6c294b7b9229a7ea8044f,JEE_MATHEMATICS,Sequence and Series,MEDIUM,NUMERICAL_VALUE,,,PRODUCTION,SIVORA_AUTHORED,SIVORA JEE Main Full Mock 1,JEE,,,,,,,39,"The 10th term of the AP 3,7,11,… is:",,,,,a₁₀=a+9d=3+9×4=39.,,,,,,,
sivora-authored:ecc8b32ca2f044fbd844b8fb,JEE_MATHEMATICS,"Limit, Continuity and Differentiability",MEDIUM,NUMERICAL_VALUE,,,PRODUCTION,SIVORA_AUTHORED,SIVORA JEE Main Full Mock 1,JEE,,,,,,,10,"If f(x)=x³−2x, the value of f′(2) is:",,,,,"f′(x)=3x²−2, so f′(2)=12−2=10.",,,,,,,
sivora-authored:ae953d41bf2b441df6659a5d,JEE_MATHEMATICS,Coordinate Geometry,MEDIUM,NUMERICAL_VALUE,,,PRODUCTION,SIVORA_AUTHORED,SIVORA JEE Main Full Mock 1,JEE,,,,,,,5,"The distance between (1,2) and (4,6) is:",,,,,Distance=√[(4−1)²+(6−2)²]=√25=5.,,,,,,,
