externalId,subjectCode,chapterName,difficulty,questionType,year,tags,contentClassification,sourceType,sourceName,exam,examYear,paperSession,licenseReference,reviewer,reviewDate,correctOption,en_questionText,en_optionA,en_optionB,en_optionC,en_optionD,en_explanation,ta_questionText,ta_optionA,ta_optionB,ta_optionC,ta_optionD,ta_explanation,ta_reviewed
sivora-authored:95ad95edbaad6c1443ec28bc,PHYSICS,Physics and Measurement,EASY,SINGLE_CORRECT,,,PRODUCTION,SIVORA_AUTHORED,SIVORA NEET Physics Full Mock 1 Candidates,NEET,,,,,,A,The dimensional formula of surface tension is:,[M T⁻²],[M L T⁻²],[M L⁻¹ T⁻²],[M L² T⁻²],Surface tension is force per unit length. Therefore its dimensions are [M L T⁻²]/[L] = [M T⁻²].,,,,,,
sivora-authored:199a780439c1a4be7171ffc1,PHYSICS,Physics and Measurement,MEDIUM,SINGLE_CORRECT,,,PRODUCTION,SIVORA_AUTHORED,SIVORA NEET Physics Full Mock 1 Candidates,NEET,,,,,,A,The measured length and breadth of a rectangle are (5.0 ± 0.1) cm and (2.0 ± 0.1) cm. The maximum percentage error in its area is:,7%,3%,5%,10%,"For A = lb, maximum fractional errors add: ΔA/A = 0.1/5.0 + 0.1/2.0 = 0.07, or 7%.",,,,,,
sivora-authored:3548a039682fbcd3d13ece83,PHYSICS,Kinematics,EASY,SINGLE_CORRECT,,,PRODUCTION,SIVORA_AUTHORED,SIVORA NEET Physics Full Mock 1 Candidates,NEET,,,,,,A,A particle starts from rest with constant acceleration 4 m s⁻². Its displacement during the third second is:,10 m,6 m,8 m,12 m,"Distance in the nth second is u + a(2n−1)/2. For u = 0, a = 4 m s⁻² and n = 3, the displacement is 10 m.",,,,,,
sivora-authored:2c752aeac77e66ce746e99cb,PHYSICS,Kinematics,MEDIUM,SINGLE_CORRECT,,,PRODUCTION,SIVORA_AUTHORED,SIVORA NEET Physics Full Mock 1 Candidates,NEET,,,,,,A,"A projectile is launched with speed 20 m s⁻¹ at 30° above the horizontal. Taking g = 10 m s⁻², its maximum height is:",5 m,10 m,15 m,20 m,The vertical component is 20 sin 30° = 10 m s⁻¹. Thus H = uᵧ²/(2g) = 100/20 = 5 m.,,,,,,
sivora-authored:6f2ff7c31529c91e0b9262e9,PHYSICS,Laws of Motion,MEDIUM,SINGLE_CORRECT,,,PRODUCTION,SIVORA_AUTHORED,SIVORA NEET Physics Full Mock 1 Candidates,NEET,,,,,,A,"A 5 kg block rests on a rough horizontal surface with coefficient of static friction 0.4. Taking g = 10 m s⁻², the minimum horizontal force that just starts its motion is:",20 N,2 N,12.5 N,50 N,"The limiting static friction is μₛN = 0.4 × 5 × 10 = 20 N, so motion begins when the applied force reaches 20 N.",,,,,,
sivora-authored:328de2561081aa20169c295f,PHYSICS,Laws of Motion,EASY,SINGLE_CORRECT,,,PRODUCTION,SIVORA_AUTHORED,SIVORA NEET Physics Full Mock 1 Candidates,NEET,,,,,,A,"When a person standing in a stationary bus falls backward as the bus starts suddenly, the effect is explained by:",Inertia of rest,Inertia of motion,Conservation of energy,Action and reaction acting on the same body,"The feet move with the bus while the upper body tends to remain at rest due to inertia of rest, making the person fall backward relative to the bus.",,,,,,
sivora-authored:9a1e0ed561bcdd8b73261fec,PHYSICS,"Work, Energy and Power",MEDIUM,SINGLE_CORRECT,,,PRODUCTION,SIVORA_AUTHORED,SIVORA NEET Physics Full Mock 1 Candidates,NEET,,,,,,A,A net force increases the speed of a 2 kg body from 3 m s⁻¹ to 7 m s⁻¹. The net work done is:,40 J,20 J,49 J,58 J,"By the work-energy theorem, W = ½m(v²−u²) = ½×2×(49−9) = 40 J.",,,,,,
sivora-authored:b4e1dcd8ff02b4af219f6d56,PHYSICS,"Work, Energy and Power",HARD,SINGLE_CORRECT,,,PRODUCTION,SIVORA_AUTHORED,SIVORA NEET Physics Full Mock 1 Candidates,NEET,,,,,,A,A body of mass m moving with speed v collides elastically head-on with a stationary body of mass 3m. The velocity of the first body immediately after collision is:,−v/2,v/2,−v/4,v/4,"For a one-dimensional elastic collision, v₁ = (m−3m)v/(m+3m) = −v/2. The negative sign denotes reversal of direction.",,,,,,
sivora-authored:075651d0ef5b36dea02b90c6,PHYSICS,Rotational Motion,EASY,SINGLE_CORRECT,,,PRODUCTION,SIVORA_AUTHORED,SIVORA NEET Physics Full Mock 1 Candidates,NEET,,,,,,A,"If the net external torque on a system is zero, which quantity remains constant?",Angular momentum,Angular velocity,Moment of inertia,Rotational kinetic energy,The external torque equals the rate of change of angular momentum. Zero external torque therefore conserves angular momentum.,,,,,,
sivora-authored:8fb354a2350c1865be478a64,PHYSICS,Rotational Motion,MEDIUM,SINGLE_CORRECT,,,PRODUCTION,SIVORA_AUTHORED,SIVORA NEET Physics Full Mock 1 Candidates,NEET,,,,,,A,A uniform disc of mass M and radius R rotates about an axis through its centre and perpendicular to its plane. Its radius of gyration is:,R/√2,R/2,R,√2R,"For the disc, I = MR²/2. Since I = Mk², k = R/√2.",,,,,,
sivora-authored:cce58f1b05aa8cee673555a3,PHYSICS,Properties of Solids and Liquids,MEDIUM,SINGLE_CORRECT,,,PRODUCTION,SIVORA_AUTHORED,SIVORA NEET Physics Full Mock 1 Candidates,NEET,,,,,,A,A wire of length L and cross-sectional area A extends by ΔL under force F. Its Young's modulus is:,FL/(AΔL),FA/(LΔL),FΔL/(AL),AΔL/(FL),Young's modulus is longitudinal stress divided by strain: (F/A)/(ΔL/L) = FL/(AΔL).,,,,,,
sivora-authored:989b0122f7b8b19a5555903d,PHYSICS,Properties of Solids and Liquids,MEDIUM,SINGLE_CORRECT,,,PRODUCTION,SIVORA_AUTHORED,SIVORA NEET Physics Full Mock 1 Candidates,NEET,,,,,,A,"Water flows steadily through a horizontal pipe. If its cross-sectional area becomes half, the flow speed becomes:",Twice,Half,Four times,Unchanged,"For incompressible steady flow, Av is constant. Halving the area therefore doubles the speed.",,,,,,
sivora-authored:412f2c29c8e64e6a298f585b,PHYSICS,Thermodynamics,MEDIUM,SINGLE_CORRECT,,,PRODUCTION,SIVORA_AUTHORED,SIVORA NEET Physics Full Mock 1 Candidates,NEET,,,,,,A,A gas absorbs 300 J of heat and does 120 J of work. Its increase in internal energy is:,180 J,420 J,300 J,120 J,"Using ΔU = Q − W for work done by the gas, ΔU = 300 − 120 = 180 J.",,,,,,
sivora-authored:76f777f9b6cecb87f218e053,PHYSICS,Thermodynamics,EASY,SINGLE_CORRECT,,,PRODUCTION,SIVORA_AUTHORED,SIVORA NEET Physics Full Mock 1 Candidates,NEET,,,,,,A,A heat engine operating in a cycle cannot convert all absorbed heat into work because this would violate:,The second law of thermodynamics,The zeroth law of thermodynamics,Conservation of momentum,The ideal-gas equation,The Kelvin-Planck statement of the second law forbids a cyclic engine whose sole effect is complete conversion of heat from one reservoir into work.,,,,,,
sivora-authored:989dc8b9aa7b1fd9b70d482a,PHYSICS,Kinetic Theory of Gases,MEDIUM,SINGLE_CORRECT,,,PRODUCTION,SIVORA_AUTHORED,SIVORA NEET Physics Full Mock 1 Candidates,NEET,,,,,,A,"At the same temperature, the ratio of rms speeds of hydrogen and oxygen molecules, vH₂/vO₂, is:",4,1/4,16,1/16,vᵣₘₛ ∝ 1/√M. Hence vH₂/vO₂ = √(32/2) = 4.,,,,,,
sivora-authored:f483590b80a601313663ffb8,PHYSICS,Kinetic Theory of Gases,EASY,SINGLE_CORRECT,,,PRODUCTION,SIVORA_AUTHORED,SIVORA NEET Physics Full Mock 1 Candidates,NEET,,,,,,A,"For an ideal monatomic gas in thermal equilibrium, the molar heat capacity at constant volume is:",3R/2,5R/2,R,3R,"A monatomic gas has three translational degrees of freedom, so Cᵥ = fR/2 = 3R/2.",,,,,,
sivora-authored:458975cabcf36e2fab9b6d70,PHYSICS,Oscillations and Waves,MEDIUM,SINGLE_CORRECT,,,PRODUCTION,SIVORA_AUTHORED,SIVORA NEET Physics Full Mock 1 Candidates,NEET,,,,,,A,"In simple harmonic motion of amplitude A, the kinetic energy equals the potential energy at displacement magnitude:",A/√2,A/2,A/4,√3A/2,"Total energy is kA²/2 and potential energy is kx²/2. Equality K = U makes U half the total, giving x² = A²/2 and |x| = A/√2.",,,,,,
sivora-authored:a0ad2dd1552cfc9448b31ced,PHYSICS,Oscillations and Waves,MEDIUM,SINGLE_CORRECT,,,PRODUCTION,SIVORA_AUTHORED,SIVORA NEET Physics Full Mock 1 Candidates,NEET,,,,,,A,"A string fixed at both ends has length 0.60 m. If wave speed is 120 m s⁻¹, its fundamental frequency is:",100 Hz,200 Hz,50 Hz,120 Hz,"For a string fixed at both ends, f₁ = v/(2L) = 120/(1.20) = 100 Hz.",,,,,,
sivora-authored:1705187e8984bd25b2c405dc,PHYSICS,Electrostatics,EASY,SINGLE_CORRECT,,,PRODUCTION,SIVORA_AUTHORED,SIVORA NEET Physics Full Mock 1 Candidates,NEET,,,,,,A,The electric flux through a closed surface enclosing charge q is:,q/ε₀,qε₀,Zero for every surface,Dependent only on the surface area,Gauss's law gives the net flux through any closed surface as the enclosed charge divided by ε₀.,,,,,,
sivora-authored:6332692c54a5abf26734ddaa,PHYSICS,Electrostatics,MEDIUM,SINGLE_CORRECT,,,PRODUCTION,SIVORA_AUTHORED,SIVORA NEET Physics Full Mock 1 Candidates,NEET,,,,,,A,Two capacitors of 3 μF and 6 μF are connected in series. Their equivalent capacitance is:,2 μF,9 μF,4.5 μF,3 μF,"For series capacitors, C = C₁C₂/(C₁+C₂) = (3×6)/(3+6) = 2 μF.",,,,,,
sivora-authored:5b52664cea0d54a05c9d46b9,PHYSICS,Electrostatics,HARD,SINGLE_CORRECT,,,PRODUCTION,SIVORA_AUTHORED,SIVORA NEET Physics Full Mock 1 Candidates,NEET,,,,,,A,An electric dipole of moment p is placed in a uniform electric field E at 60° to the field. The work required to rotate it slowly to 120° is:,pE,pE/2,3pE/2,2pE,U = −pE cosθ. Thus ΔU = −pE cos120° + pE cos60° = pE/2 + pE/2 = pE.,,,,,,
sivora-authored:0ebf8506f513f5eee839797b,PHYSICS,Current Electricity,EASY,SINGLE_CORRECT,,,PRODUCTION,SIVORA_AUTHORED,SIVORA NEET Physics Full Mock 1 Candidates,NEET,,,,,,A,A 12 V battery is connected across a 4 Ω resistor. The current through the resistor is:,3 A,48 A,0.33 A,8 A,Ohm's law gives I = V/R = 12/4 = 3 A.,,,,,,
sivora-authored:90f3db0858907cc5fceb5462,PHYSICS,Current Electricity,MEDIUM,SINGLE_CORRECT,,,PRODUCTION,SIVORA_AUTHORED,SIVORA NEET Physics Full Mock 1 Candidates,NEET,,,,,,A,A cell of emf 2.0 V and internal resistance 0.5 Ω supplies a current of 1.0 A. Its terminal potential difference is:,1.5 V,2.5 V,2.0 V,0.5 V,"During discharge, terminal voltage is V = E − Ir = 2.0 − 1.0×0.5 = 1.5 V.",,,,,,
sivora-authored:673771401465ef5d74d74ac1,PHYSICS,Magnetic Effects of Current and Magnetism,MEDIUM,SINGLE_CORRECT,,,PRODUCTION,SIVORA_AUTHORED,SIVORA NEET Physics Full Mock 1 Candidates,NEET,,,,,,A,A charged particle moves parallel to a uniform magnetic field. The magnetic force on it is:,Zero,qvB,qvB/2,Dependent on its mass,"The magnetic force magnitude is qvB sinθ. For motion parallel to the field, θ = 0 and the force is zero.",,,,,,
sivora-authored:959d66d87cad24faa43a7fa7,PHYSICS,Magnetic Effects of Current and Magnetism,MEDIUM,SINGLE_CORRECT,,,PRODUCTION,SIVORA_AUTHORED,SIVORA NEET Physics Full Mock 1 Candidates,NEET,,,,,,A,The magnetic field at the centre of a circular coil of radius R carrying current I and having N turns is:,μ₀NI/(2R),μ₀NI/R,μ₀NI/(4R),μ₀I/(2NR),Each circular turn produces μ₀I/(2R) at the centre; for N turns the fields add to μ₀NI/(2R).,,,,,,
sivora-authored:1dc96e6a5b45f0fd40982cc5,PHYSICS,Electromagnetic Induction and Alternating Currents,EASY,SINGLE_CORRECT,,,PRODUCTION,SIVORA_AUTHORED,SIVORA NEET Physics Full Mock 1 Candidates,NEET,,,,,,A,"According to Lenz's law, an induced current flows in a direction that:",Opposes the change in magnetic flux producing it,Always increases the magnetic flux,Is independent of the flux change,Always agrees with the applied current,"Lenz's law states that the induced effect opposes the change in magnetic flux responsible for it, consistent with energy conservation.",,,,,,
sivora-authored:103e1f5817f3da6ddcdd91fd,PHYSICS,Electromagnetic Induction and Alternating Currents,MEDIUM,SINGLE_CORRECT,,,PRODUCTION,SIVORA_AUTHORED,SIVORA NEET Physics Full Mock 1 Candidates,NEET,,,,,,A,An alternating voltage has peak value 100√2 V. Its rms value is:,100 V,200 V,50 V,100√2 V,"For a sinusoidal voltage, Vᵣₘₛ = V₀/√2 = 100√2/√2 = 100 V.",,,,,,
sivora-authored:97c848653ab42b9eb3d50277,PHYSICS,Electromagnetic Waves,EASY,SINGLE_CORRECT,,,PRODUCTION,SIVORA_AUTHORED,SIVORA NEET Physics Full Mock 1 Candidates,NEET,,,,,,A,Which electromagnetic radiation has a frequency higher than visible light but lower than X-rays?,Ultraviolet radiation,Infrared radiation,Microwaves,Radio waves,"In increasing frequency, the relevant order is visible, ultraviolet, X-rays. Infrared, microwaves and radio waves have lower frequencies than visible light.",,,,,,
sivora-authored:396358bd153fd4844d248e2a,PHYSICS,Electromagnetic Waves,MEDIUM,SINGLE_CORRECT,,,PRODUCTION,SIVORA_AUTHORED,SIVORA NEET Physics Full Mock 1 Candidates,NEET,,,,,,A,"In a charging parallel-plate capacitor, the displacement current between the plates is:",Equal to the conduction current in the connecting wires,Always zero,Twice the conduction current,Present only after charging is complete,Continuity of current in Maxwell's theory requires the displacement current between the plates to equal the conduction current in the wires during charging.,,,,,,
sivora-authored:8df60e108fe59bb8dca37ded,PHYSICS,Optics,MEDIUM,SINGLE_CORRECT,,,PRODUCTION,SIVORA_AUTHORED,SIVORA NEET Physics Full Mock 1 Candidates,NEET,,,,,,A,An object is placed 30 cm in front of a concave mirror of focal length 20 cm. The image distance from the mirror is:,60 cm in front of the mirror,12 cm behind the mirror,60 cm behind the mirror,12 cm in front of the mirror,"Using 1/f = 1/v + 1/u with f = −20 cm and u = −30 cm gives 1/v = −1/20 + 1/30 = −1/60, so v = −60 cm: 60 cm in front.",,,,,,
sivora-authored:70b4f9480aa436af63dec17b,PHYSICS,Optics,MEDIUM,SINGLE_CORRECT,,,PRODUCTION,SIVORA_AUTHORED,SIVORA NEET Physics Full Mock 1 Candidates,NEET,,,,,,A,"In Young's double-slit experiment, the slit separation is doubled while all other quantities remain unchanged. The fringe width becomes:",Half,Double,Four times,Unchanged,Fringe width β = λD/d. Doubling slit separation d reduces β to half.,,,,,,
sivora-authored:219c547e0c3cfb3521b49b58,PHYSICS,Optics,HARD,SINGLE_CORRECT,,,PRODUCTION,SIVORA_AUTHORED,SIVORA NEET Physics Full Mock 1 Candidates,NEET,,,,,,A,"An astronomical telescope in normal adjustment has objective and eyepiece focal lengths 100 cm and 5 cm. Its angular magnification and tube length are, respectively:",20 and 105 cm,20 and 95 cm,0.05 and 105 cm,105 and 20 cm,"For normal adjustment, magnification magnitude is fₒ/fₑ = 100/5 = 20 and tube length is fₒ + fₑ = 105 cm.",,,,,,
sivora-authored:36d33c0bb0f2feef79eff297,PHYSICS,Dual Nature of Matter and Radiation,MEDIUM,SINGLE_CORRECT,,,PRODUCTION,SIVORA_AUTHORED,SIVORA NEET Physics Full Mock 1 Candidates,NEET,,,,,,A,Light of photon energy 4.0 eV falls on a metal of work function 2.5 eV. The maximum kinetic energy of emitted photoelectrons is:,1.5 eV,6.5 eV,2.5 eV,4.0 eV,Einstein's photoelectric equation gives Kmax = hν − φ = 4.0 − 2.5 = 1.5 eV.,,,,,,
sivora-authored:f156197b2b2468020d416636,PHYSICS,Dual Nature of Matter and Radiation,MEDIUM,SINGLE_CORRECT,,,PRODUCTION,SIVORA_AUTHORED,SIVORA NEET Physics Full Mock 1 Candidates,NEET,,,,,,A,"If the momentum of a particle is doubled, its de Broglie wavelength becomes:",Half,Double,Four times,Unchanged,The de Broglie relation is λ = h/p. Doubling momentum therefore halves the wavelength.,,,,,,
sivora-authored:be4f039f1b973941db88337f,PHYSICS,Atoms and Nuclei,EASY,SINGLE_CORRECT,,,PRODUCTION,SIVORA_AUTHORED,SIVORA NEET Physics Full Mock 1 Candidates,NEET,,,,,,A,"In the Bohr model of hydrogen, the radius of the nth stationary orbit is proportional to:",n²,n,1/n,1/n²,"For a hydrogen atom, rₙ = a₀n², so orbital radius is proportional to n².",,,,,,
sivora-authored:a060f8c3b4b8d11b4ae1733d,PHYSICS,Atoms and Nuclei,MEDIUM,SINGLE_CORRECT,,,PRODUCTION,SIVORA_AUTHORED,SIVORA NEET Physics Full Mock 1 Candidates,NEET,,,,,,A,A radioactive sample has a half-life of 6 hours. The fraction remaining after 18 hours is:,1/8,1/3,1/6,1/9,"Eighteen hours equals three half-lives, so the remaining fraction is (1/2)³ = 1/8.",,,,,,
sivora-authored:2365feccc303585cc11429db,PHYSICS,Electronic Devices,EASY,SINGLE_CORRECT,,,PRODUCTION,SIVORA_AUTHORED,SIVORA NEET Physics Full Mock 1 Candidates,NEET,,,,,,A,A p-n junction diode conducts strongly when it is:,Forward biased beyond its knee voltage,Reverse biased below breakdown,Unbiased,Connected with both terminals at the same potential,Forward bias lowers the junction barrier; appreciable conduction occurs after the applied voltage reaches the knee region.,,,,,,
sivora-authored:cfc9bb6de67b4acb966247ce,PHYSICS,Electronic Devices,MEDIUM,SINGLE_CORRECT,,,PRODUCTION,SIVORA_AUTHORED,SIVORA NEET Physics Full Mock 1 Candidates,NEET,,,,,,A,The output of a NAND gate is LOW only when its two inputs are:,Both HIGH,Both LOW,Different from each other,At least one LOW,"A NAND gate is the negation of AND. AND is HIGH only for two HIGH inputs, so NAND is LOW only in that case.",,,,,,
sivora-authored:c7fa76ca67bc60ac0f28d237,PHYSICS,Experimental Skills,MEDIUM,SINGLE_CORRECT,,,PRODUCTION,SIVORA_AUTHORED,SIVORA NEET Physics Full Mock 1 Candidates,NEET,,,,,,A,A screw gauge has pitch 1 mm and 100 divisions on its circular scale. Its least count is:,0.01 mm,0.1 mm,1 mm,0.001 mm,Least count equals pitch divided by circular-scale divisions: 1 mm/100 = 0.01 mm.,,,,,,
sivora-authored:78fdbefb8455e1540ae8783d,PHYSICS,Experimental Skills,HARD,SINGLE_CORRECT,,,PRODUCTION,SIVORA_AUTHORED,SIVORA NEET Physics Full Mock 1 Candidates,NEET,,,,,,A,"In a metre-bridge experiment, an unknown resistance X in the left gap balances a 6 Ω resistance in the right gap at 40 cm from the left end. The value of X is:",4 Ω,9 Ω,6 Ω,2.4 Ω,"At balance, X/6 = 40/(100−40) = 2/3. Therefore X = 6×2/3 = 4 Ω.",,,,,,
sivora-authored:981aa3b836ba26ff1464b4af,CHEMISTRY,Some Basic Concepts in Chemistry,EASY,SINGLE_CORRECT,,,PRODUCTION,SIVORA_AUTHORED,SIVORA NEET Chemistry Batch 1,NEET,,,,,,A,What mass of oxygen is required for the complete combustion of 4.0 g of methane according to CH₄ + 2O₂ → CO₂ + 2H₂O?,16 g,8 g,32 g,64 g,"Four grams of CH₄ is 4/16 = 0.25 mol. It requires 0.50 mol O₂, whose mass is 0.50 × 32 = 16 g.",,,,,,
sivora-authored:abc38a3caef60b1ebbe49c57,CHEMISTRY,Chemical Thermodynamics,MEDIUM,SINGLE_CORRECT,,,PRODUCTION,SIVORA_AUTHORED,SIVORA NEET Chemistry Batch 1,NEET,,,,,,A,"For a reaction at constant pressure, the system absorbs 50 kJ of heat and performs 20 kJ of expansion work. The change in internal energy is:",+30 kJ,+70 kJ,−30 kJ,−70 kJ,"Using ΔU = q + w and taking work done by the system as w = −20 kJ, ΔU = 50 − 20 = +30 kJ.",,,,,,
sivora-authored:da497196e0d4e8a31b19f7fd,CHEMISTRY,Solutions,MEDIUM,SINGLE_CORRECT,,,PRODUCTION,SIVORA_AUTHORED,SIVORA NEET Chemistry Batch 1,NEET,,,,,,A,A solution contains 0.50 mol of solute in 250 mL of solution. Its molarity is:,2.0 mol L⁻¹,0.50 mol L⁻¹,1.0 mol L⁻¹,0.125 mol L⁻¹,Molarity is moles per litre of solution: M = 0.50/0.250 = 2.0 mol L⁻¹.,,,,,,
sivora-authored:292e2381e5864fdb98c99f58,CHEMISTRY,Equilibrium,MEDIUM,SINGLE_CORRECT,,,PRODUCTION,SIVORA_AUTHORED,SIVORA NEET Chemistry Batch 1,NEET,,,,,,A,"At 25 °C, the pH of a 1.0 × 10⁻³ mol L⁻¹ aqueous HCl solution is closest to:",3,11,7,1,"HCl is a strong acid, so [H⁺] ≈ 1.0 × 10⁻³ mol L⁻¹. Therefore pH = −log[H⁺] = 3.",,,,,,
sivora-authored:1766814dd88901b1793ebd02,CHEMISTRY,Chemical Bonding and Molecular Structure,EASY,SINGLE_CORRECT,,,PRODUCTION,SIVORA_AUTHORED,SIVORA NEET Chemistry Batch 1,NEET,,,,,,A,"According to VSEPR theory, the molecular shape of NH₃ is:",Trigonal pyramidal,Trigonal planar,Tetrahedral,Bent,Nitrogen in NH₃ has three bond pairs and one lone pair. Its electron-pair geometry is tetrahedral and its molecular shape is trigonal pyramidal.,,,,,,
sivora-authored:b48084cd8bf76011eaca1a24,CHEMISTRY,Classification of Elements and Periodicity in Properties,MEDIUM,SINGLE_CORRECT,,,PRODUCTION,SIVORA_AUTHORED,SIVORA NEET Chemistry Batch 1,NEET,,,,,,A,"Which species has the smallest radius among O²⁻, F⁻, Na⁺ and Mg²⁺?",Mg²⁺,Na⁺,F⁻,O²⁻,"All four species are isoelectronic with 10 electrons. Radius decreases as nuclear charge increases, so Mg²⁺, with the greatest nuclear charge, is smallest.",,,,,,
sivora-authored:08273231a3cb5f8b592c352e,CHEMISTRY,Coordination Compounds,HARD,SINGLE_CORRECT,,,PRODUCTION,SIVORA_AUTHORED,SIVORA NEET Chemistry Batch 1,NEET,,,,,,A,The correct IUPAC name of [Co(NH₃)₅Cl]Cl₂ is:,Pentaamminechloridocobalt(III) chloride,Pentaamminechloridocobalt(II) chloride,Chloridopentaamminecobalt(III) dichloride,Pentaamminechlorinecobalt(III) chloride,"The complex cation has charge +2; NH₃ is neutral and coordinated chlorido is −1, giving cobalt oxidation state +3. Its name is pentaamminechloridocobalt(III) chloride.",,,,,,
sivora-authored:86f63b81165062f0acdd6eb4,CHEMISTRY,Some Basic Principles of Organic Chemistry,MEDIUM,SINGLE_CORRECT,,,PRODUCTION,SIVORA_AUTHORED,SIVORA NEET Chemistry Batch 1,NEET,,,,,,A,Which carbocation is the most stable in the gas phase among the following?,(CH₃)₃C⁺,CH₃CH₂⁺,CH₃⁺,(CH₃)₂CH⁺,Alkyl groups stabilize a carbocation through hyperconjugation and the +I effect. Therefore stability follows tertiary > secondary > primary > methyl.,,,,,,
sivora-authored:33bf644e384840d5d0c73856,CHEMISTRY,Hydrocarbons,MEDIUM,SINGLE_CORRECT,,,PRODUCTION,SIVORA_AUTHORED,SIVORA NEET Chemistry Batch 1,NEET,,,,,,A,Propene reacts with HBr in the absence of peroxides. The major product is:,2-Bromopropane,1-Bromopropane,"1,2-Dibromopropane",Propan-1-ol,"Without peroxides, HBr adds to propene according to Markovnikov's rule through the more stable secondary carbocation, producing 2-bromopropane.",,,,,,
sivora-authored:5c7b9eb86e439a74e5cdbf4c,CHEMISTRY,Organic Compounds Containing Oxygen,EASY,SINGLE_CORRECT,,,PRODUCTION,SIVORA_AUTHORED,SIVORA NEET Chemistry Batch 1,NEET,,,,,,A,Which compound gives a positive Tollens' test under ordinary laboratory conditions?,Ethanal,Propanone,Diethyl ether,Ethene,"Ethanal is an aldehyde and reduces Tollens' reagent to metallic silver. Propanone is a simple ketone, while ether and ethene do not give this test.",,,,,,
sivora-authored:00bea38671f037c349fa6ae8,CHEMISTRY,Atomic Structure,MEDIUM,SINGLE_CORRECT,,,PRODUCTION,SIVORA_AUTHORED,SIVORA NEET Chemistry Batch 2,NEET,,,,,,A,Which set of quantum numbers is not permissible for an electron in an atom?,"n = 2, l = 2, mₗ = 0, mₛ = +1/2","n = 3, l = 2, mₗ = −1, mₛ = −1/2","n = 2, l = 1, mₗ = +1, mₛ = +1/2","n = 1, l = 0, mₗ = 0, mₛ = −1/2","For a given principal quantum number n, l may range only from 0 to n−1. Thus l = 2 is not allowed when n = 2; the other sets satisfy all quantum-number restrictions.",,,,,,
sivora-authored:417b5c7a8651a403edb0729d,CHEMISTRY,Redox Reactions and Electrochemistry,MEDIUM,SINGLE_CORRECT,,,PRODUCTION,SIVORA_AUTHORED,SIVORA NEET Chemistry Batch 2,NEET,,,,,,A,"Given E°(Cu²⁺/Cu) = +0.34 V and E°(Zn²⁺/Zn) = −0.76 V, the standard emf of the Daniell cell Zn|Zn²⁺||Cu²⁺|Cu is:",1.10 V,0.42 V,−1.10 V,−0.42 V,Copper is the cathode and zinc is the anode. E°cell = E°cathode − E°anode = 0.34 − (−0.76) = 1.10 V.,,,,,,
sivora-authored:939831742cdb43d263273181,CHEMISTRY,Chemical Kinetics,HARD,SINGLE_CORRECT,,,PRODUCTION,SIVORA_AUTHORED,SIVORA NEET Chemistry Batch 2,NEET,,,,,,A,A first-order reaction is 75% complete in 20 minutes. Its half-life is:,10 minutes,5 minutes,15 minutes,20 minutes,"After 75% completion, 25% remains, equal to (1/2)². Therefore 20 minutes corresponds to two half-lives and t₁/₂ = 10 minutes.",,,,,,
sivora-authored:30d032b9b035a81ba326b618,CHEMISTRY,P-Block Elements,MEDIUM,SINGLE_CORRECT,,,PRODUCTION,SIVORA_AUTHORED,SIVORA NEET Chemistry Batch 2,NEET,,,,,,A,The molecular shape of XeF₄ is:,Square planar,Tetrahedral,See-saw,Square pyramidal,"XeF₄ has four bond pairs and two lone pairs arranged octahedrally. The lone pairs occupy opposite positions, leaving a square-planar molecular shape.",,,,,,
sivora-authored:9bf6bd86abc769a2e2359622,CHEMISTRY,D- and F-Block Elements,EASY,SINGLE_CORRECT,,,PRODUCTION,SIVORA_AUTHORED,SIVORA NEET Chemistry Batch 2,NEET,,,,,,A,Which ion is colourless in aqueous solution because it has a completely filled d subshell?,Zn²⁺,Cu²⁺,Ti³⁺,Ni²⁺,"Zn²⁺ has the 3d¹⁰ configuration and therefore no possible d-d transition. Cu²⁺, Ti³⁺ and Ni²⁺ have partially filled d subshells and are coloured.",,,,,,
sivora-authored:1562c21266d80fd543aced98,CHEMISTRY,Principles Related to Practical Chemistry,MEDIUM,SINGLE_CORRECT,,,PRODUCTION,SIVORA_AUTHORED,SIVORA NEET Chemistry Batch 2,NEET,,,,,,A,The brown-ring test is used to detect which anion?,Nitrate,Sulphate,Chloride,Carbonate,"Nitrate is reduced by freshly prepared FeSO₄ to nitric oxide, which forms the brown nitrosyl complex [Fe(H₂O)₅NO]²⁺ at the acid-solution interface.",,,,,,
sivora-authored:be30216f7020cdbc50ba5011,CHEMISTRY,Purification and Characterisation of Organic Compounds,EASY,SINGLE_CORRECT,,,PRODUCTION,SIVORA_AUTHORED,SIVORA NEET Chemistry Batch 2,NEET,,,,,,A,Which method is most suitable for separating two miscible liquids whose boiling points differ by only a few kelvin?,Fractional distillation,Sublimation,Simple filtration,Crystallisation,"A fractionating column provides repeated vaporisation-condensation cycles, allowing miscible liquids with close boiling points to be separated.",,,,,,
sivora-authored:9fba3cad09a53f954e538868,CHEMISTRY,Organic Compounds Containing Halogens,MEDIUM,SINGLE_CORRECT,,,PRODUCTION,SIVORA_AUTHORED,SIVORA NEET Chemistry Batch 2,NEET,,,,,,A,Which alkyl halide undergoes an SN1 reaction most readily in a polar protic solvent?,tert-Butyl chloride,Ethyl chloride,Methyl chloride,Vinyl chloride,"The rate-determining step in SN1 is carbocation formation. tert-Butyl chloride forms a stable tertiary carbocation, whereas primary, methyl and vinyl carbocations are much less favourable.",,,,,,
sivora-authored:105e3203e99bbc316f20bc01,CHEMISTRY,Organic Compounds Containing Nitrogen,MEDIUM,SINGLE_CORRECT,,,PRODUCTION,SIVORA_AUTHORED,SIVORA NEET Chemistry Batch 2,NEET,,,,,,A,Aniline is less basic than cyclohexylamine mainly because:,The nitrogen lone pair in aniline is delocalised into the benzene ring,Aniline cannot accept a proton,Cyclohexylamine contains an aromatic ring,The nitrogen atom in aniline has no lone pair,"Resonance delocalises the aniline nitrogen lone pair into the aromatic ring, making it less available for protonation than the localised lone pair of cyclohexylamine.",,,,,,
sivora-authored:ca6dee390ba1263718f27aea,CHEMISTRY,Biomolecules,EASY,SINGLE_CORRECT,,,PRODUCTION,SIVORA_AUTHORED,SIVORA NEET Chemistry Batch 2,NEET,,,,,,A,The linkage joining two α-amino acids in a polypeptide chain is called:,Peptide linkage,Glycosidic linkage,Phosphodiester linkage,Disulphide linkage,Condensation between the carboxyl group of one amino acid and the amino group of another forms the −CO−NH− peptide linkage.,,,,,,
sivora-authored:70478782f288652a7466d301,CHEMISTRY,Atomic Structure,MEDIUM,SINGLE_CORRECT,,,PRODUCTION,SIVORA_AUTHORED,SIVORA NEET Chemistry Batch 3,NEET,,,,,,A,The energy emitted when an electron in a hydrogen atom falls from n = 2 to n = 1 is:,10.2 eV,13.6 eV,3.4 eV,1.89 eV,"For hydrogen, Eₙ = −13.6/n² eV. Thus emitted energy is E₂ − E₁ in magnitude: (−3.4) − (−13.6) = 10.2 eV.",,,,,,
sivora-authored:f5d40930cc11a4daa641836c,CHEMISTRY,Solutions,MEDIUM,SINGLE_CORRECT,,,PRODUCTION,SIVORA_AUTHORED,SIVORA NEET Chemistry Batch 3,NEET,,,,,,A,A non-volatile solute has mole fraction 0.20 in an ideal binary solution. The relative lowering of the solvent vapour pressure is:,0.20,0.80,0.25,1.20,"For a non-volatile solute in an ideal solution, (p°−p)/p° equals the solute mole fraction. Hence the relative lowering is 0.20.",,,,,,
sivora-authored:3131e9fe96230f0eadaa0efb,CHEMISTRY,Redox Reactions and Electrochemistry,HARD,SINGLE_CORRECT,,,PRODUCTION,SIVORA_AUTHORED,SIVORA NEET Chemistry Batch 3,NEET,,,,,,A,"A current of 1.0 A is passed through aqueous AgNO₃ for 9650 s. Taking Faraday constant F = 96500 C mol⁻¹, the mass of silver deposited is closest to:",10.8 g,1.08 g,108 g,21.6 g,"Charge passed is 9650 C = 0.10 F, corresponding to 0.10 mol electrons. Since Ag⁺ + e⁻ → Ag, 0.10 mol Ag is deposited: mass = 0.10 × 107.9 ≈ 10.8 g.",,,,,,
sivora-authored:c6d5f942ed8c6af0df03f63b,CHEMISTRY,Chemical Bonding and Molecular Structure,EASY,SINGLE_CORRECT,,,PRODUCTION,SIVORA_AUTHORED,SIVORA NEET Chemistry Batch 3,NEET,,,,,,A,"According to molecular orbital theory, O₂ is paramagnetic because it contains:",Two unpaired electrons in antibonding π orbitals,One unpaired electron in a bonding σ orbital,No unpaired electrons,Two unpaired electrons in bonding π orbitals,"The two highest-energy electrons in O₂ occupy the degenerate π*2p orbitals singly, producing two unpaired electrons and paramagnetism.",,,,,,
sivora-authored:0c44d06231c9d48e75f540af,CHEMISTRY,Classification of Elements and Periodicity in Properties,MEDIUM,SINGLE_CORRECT,,,PRODUCTION,SIVORA_AUTHORED,SIVORA NEET Chemistry Batch 3,NEET,,,,,,A,"Which element has the highest first ionisation enthalpy among B, C, N and O?",N,O,C,B,"First ionisation enthalpy generally increases across the period. Nitrogen has the especially stable half-filled 2p³ configuration, so its value exceeds that of oxygen as well as carbon and boron.",,,,,,
sivora-authored:ba45bb7eb8527caa30ffa439,CHEMISTRY,Coordination Compounds,MEDIUM,SINGLE_CORRECT,,,PRODUCTION,SIVORA_AUTHORED,SIVORA NEET Chemistry Batch 3,NEET,,,,,,A,The complex ion [Fe(CN)₆]⁴⁻ is diamagnetic because it contains:,Low-spin Fe²⁺ with no unpaired electrons,High-spin Fe²⁺ with four unpaired electrons,Low-spin Fe³⁺ with one unpaired electron,High-spin Fe³⁺ with five unpaired electrons,"Iron is +2, giving d⁶. CN⁻ is a strong-field ligand, so the octahedral complex is low spin with configuration t₂g⁶ and no unpaired electrons.",,,,,,
sivora-authored:b222e1ba804086add5c5153d,CHEMISTRY,Some Basic Principles of Organic Chemistry,MEDIUM,SINGLE_CORRECT,,,PRODUCTION,SIVORA_AUTHORED,SIVORA NEET Chemistry Batch 3,NEET,,,,,,A,Phenol is more acidic than ethanol primarily because:,The phenoxide ion is resonance-stabilised,The ethoxide ion is resonance-stabilised,Phenol has a weaker O−H bond only because of higher molar mass,Ethanol forms more hydrogen bonds with water,"Deprotonation of phenol gives phenoxide, whose negative charge is delocalised over the aromatic ring. The ethoxide ion lacks comparable resonance stabilisation.",,,,,,
sivora-authored:735f76c830138c68e31a080b,CHEMISTRY,Hydrocarbons,MEDIUM,SINGLE_CORRECT,,,PRODUCTION,SIVORA_AUTHORED,SIVORA NEET Chemistry Batch 3,NEET,,,,,,A,"Reductive ozonolysis of propene, CH₃CH=CH₂, produces:",Ethanal and methanal,Propanone only,Ethanoic acid and methanoic acid,Propanal only,Ozonolysis cleaves the C=C bond into carbonyl groups. The substituted carbon gives ethanal and the terminal CH₂ carbon gives methanal under reductive work-up.,,,,,,
sivora-authored:916a1cc827130baa3f2df8ce,CHEMISTRY,Organic Compounds Containing Oxygen,EASY,SINGLE_CORRECT,,,PRODUCTION,SIVORA_AUTHORED,SIVORA NEET Chemistry Batch 3,NEET,,,,,,A,Heating ethanol with concentrated H₂SO₄ at about 443 K mainly produces:,Ethene,Ethanal,Ethanoic acid,Diethyl ether,"At about 443 K, concentrated sulphuric acid dehydrates ethanol intramolecularly to ethene. Lower temperatures favour intermolecular dehydration to ether.",,,,,,
sivora-authored:e6b390ca0690a443704088c9,CHEMISTRY,Organic Compounds Containing Nitrogen,EASY,SINGLE_CORRECT,,,PRODUCTION,SIVORA_AUTHORED,SIVORA NEET Chemistry Batch 3,NEET,,,,,,A,Aniline is converted to benzenediazonium chloride by treatment with NaNO₂ and HCl at:,273–278 K,323–333 K,373–383 K,Above 423 K,Diazotisation of aniline is carried out at 273–278 K because benzenediazonium chloride is stable only at low temperature and decomposes on warming.,,,,,,
sivora-authored:6acf09c6703ad17b39f3432c,CHEMISTRY,Chemical Thermodynamics,MEDIUM,SINGLE_CORRECT,,,PRODUCTION,SIVORA_AUTHORED,SIVORA NEET Chemistry Batch 4,NEET,,,,,,A,"For a reaction at 300 K, ΔH = −40 kJ mol⁻¹ and ΔS = −100 J mol⁻¹ K⁻¹. The value of ΔG and the spontaneity under these conditions are:",−10 kJ mol⁻¹; spontaneous,−70 kJ mol⁻¹; spontaneous,+10 kJ mol⁻¹; non-spontaneous,+70 kJ mol⁻¹; non-spontaneous,"Convert ΔS to −0.100 kJ mol⁻¹ K⁻¹. Then ΔG = ΔH − TΔS = −40 − 300(−0.100) = −10 kJ mol⁻¹, so the reaction is spontaneous at 300 K.",,,,,,
sivora-authored:5d47be2f7a6d11db64533a69,CHEMISTRY,Equilibrium,MEDIUM,SINGLE_CORRECT,,,PRODUCTION,SIVORA_AUTHORED,SIVORA NEET Chemistry Batch 4,NEET,,,,,,A,"For the gaseous equilibrium N₂O₄(g) ⇌ 2NO₂(g), the relation between Kp and Kc is:",Kp = Kc(RT),Kp = Kc/(RT),Kp = Kc(RT)²,Kp = Kc,"Kp = Kc(RT)^Δn. Here Δn = 2 − 1 = 1, so Kp = Kc(RT).",,,,,,
sivora-authored:f780cadd778fa326e645274f,CHEMISTRY,Chemical Kinetics,HARD,SINGLE_CORRECT,,,PRODUCTION,SIVORA_AUTHORED,SIVORA NEET Chemistry Batch 4,NEET,,,,,,A,"For a reaction A + B → products, doubling [A] at constant [B] doubles the initial rate, while doubling both [A] and [B] increases the rate eightfold. The rate law is:",Rate = k[A][B]²,Rate = k[A]²[B],Rate = k[A][B],Rate = k[A]²[B]²,"Doubling A alone doubles the rate, so the order in A is 1. With A doubled, the remaining factor needed for an eightfold increase is 4; hence doubling B gives 2ʸ = 4 and the order in B is 2.",,,,,,
sivora-authored:8751ff3b8307d148292f60f0,CHEMISTRY,P-Block Elements,EASY,SINGLE_CORRECT,,,PRODUCTION,SIVORA_AUTHORED,SIVORA NEET Chemistry Batch 4,NEET,,,,,,A,BF₃ acts as a Lewis acid because:,Boron has an incomplete octet and can accept an electron pair,Fluorine donates a proton,Boron has a lone pair available for donation,BF₃ releases OH⁻ ions in water,"Boron in BF₃ has only six electrons in its valence shell and an empty orbital, so it can accept an electron pair and acts as a Lewis acid.",,,,,,
sivora-authored:96617a174e462bc3b294993e,CHEMISTRY,D- and F-Block Elements,MEDIUM,SINGLE_CORRECT,,,PRODUCTION,SIVORA_AUTHORED,SIVORA NEET Chemistry Batch 4,NEET,,,,,,A,The gradual decrease in the radii of lanthanoid ions from La³⁺ to Lu³⁺ is mainly caused by:,Poor shielding of nuclear charge by 4f electrons,Increasing principal quantum number,Strong shielding by 4f electrons,A decreasing nuclear charge,"Across the lanthanoids, nuclear charge increases while 4f electrons shield poorly. The resulting rise in effective nuclear charge causes lanthanoid contraction.",,,,,,
sivora-authored:366860c303eda5d69c6c9062,CHEMISTRY,Coordination Compounds,MEDIUM,SINGLE_CORRECT,,,PRODUCTION,SIVORA_AUTHORED,SIVORA NEET Chemistry Batch 4,NEET,,,,,,A,The pair [Co(NH₃)₅(NO₂)]Cl₂ and [Co(NH₃)₅(ONO)]Cl₂ illustrates:,Linkage isomerism,Ionisation isomerism,Geometrical isomerism,Optical isomerism,"The ambidentate nitrite ligand coordinates through N in the nitro form and through O in the nitrito form, producing linkage isomers.",,,,,,
sivora-authored:067bc6a6ec354f7a8900aaf6,CHEMISTRY,Some Basic Principles of Organic Chemistry,MEDIUM,SINGLE_CORRECT,,,PRODUCTION,SIVORA_AUTHORED,SIVORA NEET Chemistry Batch 4,NEET,,,,,,A,Which compound can show geometrical (E/Z) isomerism?,CH₃CH=CHCH₃,CH₂=CH₂,CH₂=C(CH₃)₂,CH₃CH₂CH₃,"Each double-bonded carbon in but-2-ene has two different substituents, allowing E/Z isomers. The other alkenes have identical substituents on at least one double-bonded carbon, or no double bond.",,,,,,
sivora-authored:7fba5cbbff3c2a76c771b5b4,CHEMISTRY,Hydrocarbons,MEDIUM,SINGLE_CORRECT,,,PRODUCTION,SIVORA_AUTHORED,SIVORA NEET Chemistry Batch 4,NEET,,,,,,A,Nitration of toluene with concentrated HNO₃/H₂SO₄ gives mainly ortho- and para-nitrotoluene because the methyl group is:,Activating and ortho/para-directing,Deactivating and meta-directing,Deactivating and ortho/para-directing,Activating and meta-directing,"The methyl group donates electron density through hyperconjugation and the +I effect, activating the ring and stabilising the ortho and para sigma complexes.",,,,,,
sivora-authored:246aa3ec2d888c3e975a687d,CHEMISTRY,Organic Compounds Containing Halogens,MEDIUM,SINGLE_CORRECT,,,PRODUCTION,SIVORA_AUTHORED,SIVORA NEET Chemistry Batch 4,NEET,,,,,,A,Chlorobenzene is much less reactive than chloroethane toward nucleophilic substitution mainly because:,The C−Cl bond in chlorobenzene has partial double-bond character due to resonance,Chlorobenzene is ionic,The chlorine atom in chlorobenzene has no lone pairs,The carbon bonded to chlorine in chlorobenzene is sp³ hybridised,"Resonance delocalisation of a chlorine lone pair into the aromatic ring gives the aryl C−Cl bond partial double-bond character, making it shorter and harder to break.",,,,,,
sivora-authored:e6a392b43378a9b3cebf55fb,CHEMISTRY,Biomolecules,EASY,SINGLE_CORRECT,,,PRODUCTION,SIVORA_AUTHORED,SIVORA NEET Chemistry Batch 4,NEET,,,,,,A,"In double-stranded DNA, adenine pairs with thymine through:",Two hydrogen bonds,Three hydrogen bonds,One covalent bond,Two phosphodiester bonds,Watson-Crick base pairing joins adenine and thymine by two hydrogen bonds; guanine and cytosine pair through three hydrogen bonds.,,,,,,
sivora-authored:bdcbb6dd8a4abc9a9a21710e,CHEMISTRY,Solutions,EASY,SINGLE_CORRECT,,,PRODUCTION,SIVORA_AUTHORED,SIVORA NEET Chemistry Batch 5,NEET,,,,,,A,The freezing-point depression of a 0.10 mol kg⁻¹ aqueous glucose solution is closest to: (Kf for water = 1.86 K kg mol⁻¹),0.186 K,1.86 K,0.0186 K,18.6 K,"Glucose is a non-electrolyte, so i = 1. Thus ΔTf = iKfm = 1 × 1.86 × 0.10 = 0.186 K.",,,,,,
sivora-authored:1af2feee4441b6c0ddf0b996,CHEMISTRY,Equilibrium,EASY,SINGLE_CORRECT,,,PRODUCTION,SIVORA_AUTHORED,SIVORA NEET Chemistry Batch 5,NEET,,,,,,A,"A buffer contains equal molar concentrations of CH₃COOH and CH₃COONa at 25 °C. If pKa of CH₃COOH is 4.76, the pH of the buffer is:",4.76,2.38,7.00,9.52,"For an acidic buffer, pH = pKa + log([salt]/[acid]). Equal concentrations make the logarithmic term zero, so pH = 4.76.",,,,,,
sivora-authored:4d17b96eeef668c640d673b4,CHEMISTRY,Redox Reactions and Electrochemistry,MEDIUM,SINGLE_CORRECT,,,PRODUCTION,SIVORA_AUTHORED,SIVORA NEET Chemistry Batch 5,NEET,,,,,,A,"When chlorine reacts with cold, dilute NaOH, it forms NaCl and NaClO. In this reaction, chlorine undergoes:",Disproportionation from oxidation state 0 to −1 and +1,Comproportionation from −1 and +1 to 0,Only reduction from 0 to −1,Only oxidation from 0 to +1,"In Cl₂, chlorine has oxidation state 0. It is simultaneously reduced to −1 in Cl⁻ and oxidised to +1 in ClO⁻, so the reaction is disproportionation.",,,,,,
sivora-authored:56cca677357d422ab6257ead,CHEMISTRY,P-Block Elements,MEDIUM,SINGLE_CORRECT,,,PRODUCTION,SIVORA_AUTHORED,SIVORA NEET Chemistry Batch 5,NEET,,,,,,A,Which is the correct increasing order of acid strength of the oxoacids of chlorine?,HClO < HClO₂ < HClO₃ < HClO₄,HClO₄ < HClO₃ < HClO₂ < HClO,HClO₂ < HClO < HClO₄ < HClO₃,HClO₃ < HClO₄ < HClO < HClO₂,"For oxoacids with the same central atom, additional oxygen atoms increase the electron-withdrawing effect and stabilise the conjugate base. Hence acidity increases from HClO to HClO₄.",,,,,,
sivora-authored:c9e529a1bc49b4942c48e281,CHEMISTRY,Organic Compounds Containing Oxygen,MEDIUM,SINGLE_CORRECT,,,PRODUCTION,SIVORA_AUTHORED,SIVORA NEET Chemistry Batch 5,NEET,,,,,,A,Propanoic acid is treated first with Br₂ in the presence of red phosphorus and then with water. The major organic product is:,2-Bromopropanoic acid,3-Bromopropanoic acid,"2,2-Dibromopropanoic acid",1-Bromopropan-2-one,"The Hell–Volhard–Zelinsky reaction brominates the α-carbon of a carboxylic acid containing an α-hydrogen. Propanoic acid therefore gives CH₃CHBrCOOH, 2-bromopropanoic acid.",,,,,,
sivora-authored:54475682e43a5d61ad6d94a2,BOTANY,Diversity in Living World,EASY,SINGLE_CORRECT,,,PRODUCTION,SIVORA_AUTHORED,SIVORA NEET Biology Batch 1,NEET,,,,,,A,"In bryophytes, the dominant, independent and photosynthetic plant body is the:",Gametophyte,Sporophyte,Zygote,Protonema-producing sporogonium,"The bryophyte gametophyte is the dominant, free-living photosynthetic generation. The sporophyte remains attached to and nutritionally dependent on it.",,,,,,
sivora-authored:5c62e18ee8476ac888cb125b,BOTANY,Structural Organisation in Animals and Plants,MEDIUM,SINGLE_CORRECT,,,PRODUCTION,SIVORA_AUTHORED,SIVORA NEET Biology Batch 1,NEET,,,,,,A,The vascular bundles in a typical monocot stem are described as closed because they:,Lack vascular cambium between xylem and phloem,Contain no phloem,Contain no xylem vessels,Are surrounded by an endodermis,"A typical monocot stem has conjoint, collateral vascular bundles without cambium between xylem and phloem. Their lack of cambium makes them closed and normally prevents secondary growth.",,,,,,
sivora-authored:08821b34cfb5132cf28c5a0a,ZOOLOGY,Cell Structure and Function,EASY,SINGLE_CORRECT,,,PRODUCTION,SIVORA_AUTHORED,SIVORA NEET Biology Batch 1,NEET,,,,,,A,Crossing over between homologous chromosomes normally occurs during which substage of prophase I of meiosis?,Pachytene,Leptotene,Zygotene,Diakinesis,"Synapsis begins in zygotene, while crossing over between non-sister chromatids of homologous chromosomes occurs during pachytene.",,,,,,
sivora-authored:083eba38952ae0c52dfe7fec,BOTANY,Plant Physiology,MEDIUM,SINGLE_CORRECT,,,PRODUCTION,SIVORA_AUTHORED,SIVORA NEET Biology Batch 1,NEET,,,,,,A,Cyclic electron flow around photosystem I directly results in the formation of:,"ATP only, without NADPH or O₂ production","ATP and NADPH, with O₂ production","NADPH only, without ATP production","ATP and O₂, but no NADPH","In cyclic electron flow, electrons from photosystem I return to the electron transport chain. This generates a proton gradient for ATP synthesis but neither reduces NADP⁺ nor splits water, so NADPH and O₂ are not produced.",,,,,,
sivora-authored:25c23cc228e558ba141d98b4,BOTANY,Reproduction,MEDIUM,SINGLE_CORRECT,,,PRODUCTION,SIVORA_AUTHORED,SIVORA NEET Biology Batch 1,NEET,,,,,,A,"In a normal angiosperm with diploid sporophytic cells, double fertilisation produces a zygote and a primary endosperm nucleus with ploidies respectively:",2n and 3n,n and 2n,2n and 2n,3n and 2n,One haploid male gamete fuses with the haploid egg to form a diploid zygote. The other fuses with two haploid polar nuclei to form the triploid primary endosperm nucleus.,,,,,,
sivora-authored:dc020cb7efa97e421229a7ce,ZOOLOGY,Reproduction,MEDIUM,SINGLE_CORRECT,,,PRODUCTION,SIVORA_AUTHORED,SIVORA NEET Biology Batch 1,NEET,,,,,,A,Copper-releasing intrauterine devices primarily enhance contraception by:,Increasing phagocytosis of sperms and suppressing sperm motility and fertilising capacity,Preventing ovulation by continuously releasing high doses of estrogen,Surgically blocking both oviducts,Destroying the endometrium permanently,"IUDs increase phagocytosis of sperms in the uterus, and released Cu²⁺ ions suppress sperm motility and fertilising capacity. They do not surgically block the oviducts or permanently destroy the endometrium.",,,,,,
sivora-authored:72d6387a6efc3755274a8e07,ZOOLOGY,Human Physiology,MEDIUM,SINGLE_CORRECT,,,PRODUCTION,SIVORA_AUTHORED,SIVORA NEET Biology Batch 1,NEET,,,,,,A,The counter-current multiplier that establishes the medullary osmotic gradient in a mammalian kidney is formed mainly by the:,Oppositely directed flow in the descending and ascending limbs of the loop of Henle,Filtration across the glomerular capillaries and Bowman's capsule,Active secretion of H⁺ only in the proximal convoluted tubule,Movement of filtrate through the collecting duct alone,Opposite flow and different permeabilities in the two limbs of the loop of Henle multiply a small transverse gradient into the corticomedullary osmotic gradient. The vasa recta helps maintain this gradient by counter-current exchange.,,,,,,
sivora-authored:bca1cb98cd4d1dc0a4e4d98d,ZOOLOGY,Biology and Human Welfare,EASY,SINGLE_CORRECT,,,PRODUCTION,SIVORA_AUTHORED,SIVORA NEET Biology Batch 1,NEET,,,,,,A,The progressive weakening of immune responses in an untreated HIV infection is chiefly associated with depletion of:,CD4⁺ helper T lymphocytes,Erythrocytes,Platelets,Neutrophils only,"HIV primarily infects and progressively depletes CD4⁺ helper T lymphocytes, impairing both cell-mediated and antibody-mediated immune responses.",,,,,,
sivora-authored:3634e4348424315fc0d88554,BOTANY,Biotechnology and Its Applications,MEDIUM,SINGLE_CORRECT,,,PRODUCTION,SIVORA_AUTHORED,SIVORA NEET Biology Batch 1,NEET,,,,,,A,The insecticidal protein produced by Bacillus thuringiensis is synthesised in the bacterium as an inactive protoxin that becomes active in the:,Alkaline gut of a susceptible insect larva,Acidic human stomach,Neutral plant cytoplasm before ingestion,Bacterial cell by removal of its plasmid,"Bt produces crystalline insecticidal proteins as inactive protoxins. The alkaline pH of a susceptible insect larva's gut solubilises and activates the toxin, which damages midgut epithelial cells.",,,,,,
sivora-authored:fc0f17559702a1957a71bfc6,BOTANY,Ecology and Environment,EASY,SINGLE_CORRECT,,,PRODUCTION,SIVORA_AUTHORED,SIVORA NEET Biology Batch 1,NEET,,,,,,A,Which option represents in situ conservation of biodiversity?,Protecting species within a national park,Maintaining seeds in a seed bank,Preserving gametes by cryopreservation,Growing threatened plants only in a botanical garden,"In situ conservation protects species in their natural habitats, as in national parks. Seed banks, cryopreservation and botanical gardens are ex situ approaches.",,,,,,
sivora-authored:90eab42308c8ad8e86a6333d,BOTANY,Diversity in Living World,EASY,SINGLE_CORRECT,,,PRODUCTION,SIVORA_AUTHORED,SIVORA NEET Biology Batch 2,NEET,,,,,,A,Which feature distinguishes Mycoplasma from most other prokaryotes?,It lacks a cell wall,It possesses a membrane-bound nucleus,It contains chloroplasts,It is multicellular,Mycoplasma are very small prokaryotic organisms that lack a cell wall. They have a plasma membrane but no membrane-bound nucleus or chloroplasts.,,,,,,
sivora-authored:2ecd951de10e07f9dd29fdbe,BOTANY,Structural Organisation in Animals and Plants,MEDIUM,SINGLE_CORRECT,,,PRODUCTION,SIVORA_AUTHORED,SIVORA NEET Biology Batch 2,NEET,,,,,,A,Which pair of plants characteristically shows axile placentation?,Tomato and lemon,Mustard and cucumber,Sunflower and marigold,Pea and bean,"Tomato and lemon have axile placentation. Mustard and cucumber are parietal, sunflower and marigold are basal, while pea and bean are marginal.",,,,,,
sivora-authored:730e3436fe67f77bc071fc37,BOTANY,Cell Structure and Function,EASY,SINGLE_CORRECT,,,PRODUCTION,SIVORA_AUTHORED,SIVORA NEET Biology Batch 2,NEET,,,,,,A,A competitive inhibitor reduces enzyme activity primarily by:,Competing with the substrate for the enzyme's active site,Permanently denaturing every enzyme molecule,Binding only to the enzyme-substrate complex at a distant site,Removing the product from the reaction mixture,"A competitive inhibitor often resembles the substrate and reversibly occupies the active site, reducing substrate binding. Its effect can be diminished by increasing substrate concentration.",,,,,,
sivora-authored:40f3ad759701896ee4f64ac4,BOTANY,Plant Physiology,MEDIUM,SINGLE_CORRECT,,,PRODUCTION,SIVORA_AUTHORED,SIVORA NEET Biology Batch 2,NEET,,,,,,A,The net products formed during glycolysis from one molecule of glucose are:,"2 pyruvate, 2 ATP and 2 NADH","2 acetyl-CoA, 4 ATP and 2 FADH₂","1 pyruvate, 2 ATP and 1 NADH","6 CO₂, 2 ATP and 2 NADH","Glycolysis in the cytosol converts one glucose into two pyruvate molecules, with a net gain of two ATP and two NADH. It does not directly release CO₂ or form acetyl-CoA.",,,,,,
sivora-authored:ab3ea5bedc5f2a18a9f637f0,BOTANY,Plant Physiology,MEDIUM,SINGLE_CORRECT,,,PRODUCTION,SIVORA_AUTHORED,SIVORA NEET Biology Batch 2,NEET,,,,,,A,Removal of the shoot apex commonly promotes the growth of lateral buds because it:,Reduces auxin-mediated apical dominance,Stops cytokinin synthesis in the roots,Increases abscisic acid transport to lateral buds,Permanently prevents cell division in the stem,"Auxin produced near the shoot apex helps maintain apical dominance and suppress lateral buds. Removing the apex lowers this auxin influence, allowing lateral buds to grow.",,,,,,
sivora-authored:b5f1ef66ec96eac45c810a3c,ZOOLOGY,Structural Organisation in Animals and Plants,MEDIUM,SINGLE_CORRECT,,,PRODUCTION,SIVORA_AUTHORED,SIVORA NEET Biology Batch 2,NEET,,,,,,A,"In a cockroach, the Malpighian tubules arise near the junction of the:",Midgut and hindgut,Foregut and midgut,Crop and gizzard,Rectum and anus,Malpighian tubules are fine excretory tubules attached near the junction of the midgut and hindgut. They remove nitrogenous wastes from the haemolymph.,,,,,,
sivora-authored:292d166ddeff95988661eab8,ZOOLOGY,Human Physiology,EASY,SINGLE_CORRECT,,,PRODUCTION,SIVORA_AUTHORED,SIVORA NEET Biology Batch 2,NEET,,,,,,A,Which change shifts the oxyhaemoglobin dissociation curve to the right in actively respiring tissues?,An increase in partial pressure of CO₂,A decrease in H⁺ concentration,A decrease in temperature,A decrease in partial pressure of CO₂,"Higher CO₂ and H⁺ concentrations and higher temperature reduce haemoglobin's affinity for oxygen, shifting the curve to the right and facilitating oxygen release to active tissues.",,,,,,
sivora-authored:53e68250c995f28694bcdaa7,ZOOLOGY,Human Physiology,EASY,SINGLE_CORRECT,,,PRODUCTION,SIVORA_AUTHORED,SIVORA NEET Biology Batch 2,NEET,,,,,,A,The normal pacemaker of the human heart is the:,Sinoatrial node,Atrioventricular node,Bundle of His,Purkinje fibre network,The sinoatrial node in the right atrium generates impulses at the highest intrinsic rate and normally initiates each heartbeat.,,,,,,
sivora-authored:890e988af2e8d596d755b802,ZOOLOGY,Genetics and Evolution,MEDIUM,SINGLE_CORRECT,,,PRODUCTION,SIVORA_AUTHORED,SIVORA NEET Biology Batch 2,NEET,,,,,,A,"In the lac operon of Escherichia coli, the inducer permits transcription mainly by:",Binding to the repressor and preventing it from binding the operator,Binding to the operator and blocking RNA polymerase,Destroying the structural genes,Acting as a corepressor that activates the repressor,"The inducer, effectively allolactose, binds the repressor and changes its conformation. The repressor can no longer bind the operator, allowing transcription of the structural genes.",,,,,,
sivora-authored:b308ef10259c0c056b7bd423,ZOOLOGY,Genetics and Evolution,MEDIUM,SINGLE_CORRECT,,,PRODUCTION,SIVORA_AUTHORED,SIVORA NEET Biology Batch 2,NEET,,,,,,A,"In a population at Hardy-Weinberg equilibrium, the frequencies of two alleles are p = 0.7 and q = 0.3. The expected frequency of heterozygotes is:",0.42,0.21,0.49,0.09,"At Hardy-Weinberg equilibrium, heterozygote frequency is 2pq. Therefore, 2 × 0.7 × 0.3 = 0.42.",,,,,,
sivora-authored:144227ea90e33b0e78e1c81d,BOTANY,Diversity in Living World,EASY,SINGLE_CORRECT,,,PRODUCTION,SIVORA_AUTHORED,SIVORA NEET Biology Batch 3,NEET,,,,,,A,"In the standard taxonomic hierarchy, which category is immediately above genus?",Family,Species,Order,Class,"The ascending taxonomic sequence includes species, genus, family, order and class. Therefore, family is immediately above genus.",,,,,,
sivora-authored:e4dcc765f9ad6c53a0c43496,BOTANY,Cell Structure and Function,EASY,SINGLE_CORRECT,,,PRODUCTION,SIVORA_AUTHORED,SIVORA NEET Biology Batch 3,NEET,,,,,,A,Which statement correctly describes transport through the Golgi apparatus?,"The cis face generally receives vesicles from the endoplasmic reticulum, while the trans face dispatches processed materials","The trans face receives newly synthesised proteins directly from ribosomes, while the cis face forms lysosomes",Both faces perform only ATP synthesis,The cis face contains DNA and the trans face contains ribosomes,"The cis, or forming, face of the Golgi generally receives ER-derived vesicles. Modified and sorted products leave from the trans, or maturing, face.",,,,,,
sivora-authored:e31ba59fad1b7533f9e588fd,BOTANY,Plant Physiology,MEDIUM,SINGLE_CORRECT,,,PRODUCTION,SIVORA_AUTHORED,SIVORA NEET Biology Batch 3,NEET,,,,,,A,"In a typical C₄ plant, the first stable product of CO₂ fixation in mesophyll cells is:",Oxaloacetate,3-Phosphoglycerate,"Ribulose-1,5-bisphosphate",Phosphoglycolate,"PEP carboxylase fixes bicarbonate in mesophyll cells by adding it to phosphoenolpyruvate, producing the four-carbon compound oxaloacetate as the first stable product.",,,,,,
sivora-authored:45e66150e92544af2ff3207a,BOTANY,Plant Physiology,MEDIUM,SINGLE_CORRECT,,,PRODUCTION,SIVORA_AUTHORED,SIVORA NEET Biology Batch 3,NEET,,,,,,A,"When fats are used predominantly as the respiratory substrate, the respiratory quotient is generally:",Less than 1,Equal to 1,Greater than 1,Infinite,"Respiratory quotient is CO₂ evolved divided by O₂ consumed. Oxidation of fats requires proportionally more oxygen than the carbon dioxide released, so the value is less than 1.",,,,,,
sivora-authored:094f85530c506f11ff464194,BOTANY,Plant Physiology,MEDIUM,SINGLE_CORRECT,,,PRODUCTION,SIVORA_AUTHORED,SIVORA NEET Biology Batch 3,NEET,,,,,,A,A short-day plant with a critical dark period of 10 hours is most likely to flower when it receives:,An uninterrupted dark period longer than 10 hours,An uninterrupted dark period shorter than 10 hours,A long dark period interrupted by a brief red-light exposure,Continuous light with no dark period,Short-day plants require a continuous dark period longer than a critical duration. A light interruption during the night can prevent flowering because the uninterrupted dark interval is decisive.,,,,,,
sivora-authored:b4b359888a779c3fbcf88c3c,BOTANY,Biology and Human Welfare,EASY,SINGLE_CORRECT,,,PRODUCTION,SIVORA_AUTHORED,SIVORA NEET Biology Batch 3,NEET,,,,,,A,The methane-rich component of biogas is produced mainly by:,Methanogenic archaea,Cyanobacteria,Nitrifying bacteria,Bacteriophages,"Methanogens such as Methanobacterium grow anaerobically in dung and sewage sludge and release methane, a major combustible component of biogas.",,,,,,
sivora-authored:3fa68f6a3488ff39e8078ef4,BOTANY,Biotechnology and Its Applications,MEDIUM,SINGLE_CORRECT,,,PRODUCTION,SIVORA_AUTHORED,SIVORA NEET Biology Batch 3,NEET,,,,,,A,EcoRI cuts the sequence 5′-GAATTC-3′ between G and A on both strands in a staggered manner. The resulting DNA ends are:,Sticky ends with 5′-AATT overhangs,Blunt ends with no overhangs,Sticky ends with 3′-GGCC overhangs,Covalently closed ends,"Staggered cleavage by EcoRI at G↓AATTC produces complementary single-stranded 5′-AATT extensions, commonly called sticky or cohesive ends.",,,,,,
sivora-authored:36e702a3843a5703bc069113,BOTANY,Ecology and Environment,MEDIUM,SINGLE_CORRECT,,,PRODUCTION,SIVORA_AUTHORED,SIVORA NEET Biology Batch 3,NEET,,,,,,A,"For a non-zero population following logistic growth, the growth rate dN/dt becomes zero when population size N reaches:",The carrying capacity K,Half the carrying capacity K/2,The intrinsic growth rate r,Twice the carrying capacity 2K,"Logistic growth is described by dN/dt = rN(K − N)/K. For a non-zero population, the expression becomes zero at N = K, the environmental carrying capacity.",,,,,,
sivora-authored:1c005a01a946ac5e1d75db62,ZOOLOGY,Structural Organisation in Animals and Plants,EASY,SINGLE_CORRECT,,,PRODUCTION,SIVORA_AUTHORED,SIVORA NEET Biology Batch 3,NEET,,,,,,A,The mature cells of cartilage that occupy spaces called lacunae are:,Chondrocytes,Osteocytes,Fibroblasts,Mast cells,"Mature cartilage cells are chondrocytes, and they lie within small cavities called lacunae in the cartilage matrix. Osteocytes occupy lacunae in bone.",,,,,,
sivora-authored:e7cd8313c9730bda4a2850a9,ZOOLOGY,Reproduction,EASY,SINGLE_CORRECT,,,PRODUCTION,SIVORA_AUTHORED,SIVORA NEET Biology Batch 3,NEET,,,,,,A,"In a normal human menstrual cycle, ovulation is triggered by a mid-cycle surge of:",Luteinising hormone,Prolactin,Oxytocin,Human chorionic gonadotropin,A sharp mid-cycle rise in luteinising hormone causes rupture of the mature Graafian follicle and release of the secondary oocyte.,,,,,,
sivora-authored:647ec114ca7588599dbb1c94,ZOOLOGY,Genetics and Evolution,EASY,SINGLE_CORRECT,,,PRODUCTION,SIVORA_AUTHORED,SIVORA NEET Biology Batch 3,NEET,,,,,,A,A person with blood group AB has the genotype IᴬIᴮ. This phenotype illustrates:,Codominance,Complete dominance,Incomplete dominance,Recessive epistasis,"Iᴬ and Iᴮ are both expressed in an AB individual, producing both A and B antigens. Their simultaneous expression is codominance.",,,,,,
sivora-authored:d7d0c513033fed1d8d911125,ZOOLOGY,Genetics and Evolution,MEDIUM,SINGLE_CORRECT,,,PRODUCTION,SIVORA_AUTHORED,SIVORA NEET Biology Batch 3,NEET,,,,,,A,"During transcription, RNA polymerase moves along the DNA template strand and synthesises RNA in which respective directions?",3′→5′ along DNA and 5′→3′ for RNA synthesis,5′→3′ along DNA and 3′→5′ for RNA synthesis,5′→3′ along both DNA and RNA,3′→5′ along both DNA and RNA,"RNA polymerase reads the DNA template strand in the 3′→5′ direction and adds each ribonucleotide to the RNA 3′ end, so RNA grows 5′→3′.",,,,,,
sivora-authored:a0464cd04e088a6fa90d1bdc,ZOOLOGY,Biology and Human Welfare,MEDIUM,SINGLE_CORRECT,,,PRODUCTION,SIVORA_AUTHORED,SIVORA NEET Biology Batch 3,NEET,,,,,,A,"During secondary sewage treatment, the biochemical oxygen demand of effluent decreases mainly because:",Aerobic microbial flocs consume much of the organic matter,Chlorine converts all organic matter directly into oxygen,Methanogens act aerobically in the aeration tank,Sedimentation alone converts organic matter into inorganic salts,"In the aeration tank, aerobic microbial flocs oxidise a large fraction of the organic matter. The reduced organic load lowers the effluent's biochemical oxygen demand.",,,,,,
sivora-authored:564516f4f82b8bb8383cdb1a,ZOOLOGY,Biotechnology and Its Applications,MEDIUM,SINGLE_CORRECT,,,PRODUCTION,SIVORA_AUTHORED,SIVORA NEET Biology Batch 3,NEET,,,,,,A,"In a cloning vector, a selectable marker is used primarily to:",Distinguish transformants from non-transformants,Join two DNA fragments by phosphodiester bonds,Cut DNA at a specific recognition sequence,Initiate DNA replication at the origin,"A selectable marker, such as an antibiotic-resistance gene, permits cells carrying the vector to be identified or selected from cells that were not transformed.",,,,,,
sivora-authored:cb1809e0102a918ae81fd937,ZOOLOGY,Ecology and Environment,MEDIUM,SINGLE_CORRECT,,,PRODUCTION,SIVORA_AUTHORED,SIVORA NEET Biology Batch 3,NEET,,,,,,A,"An ecosystem has a gross primary productivity of 2000 kJ m⁻² yr⁻¹, while producers use 800 kJ m⁻² yr⁻¹ in respiration. Its net primary productivity is:",1200 kJ m⁻² yr⁻¹,2800 kJ m⁻² yr⁻¹,1600 kJ m⁻² yr⁻¹,800 kJ m⁻² yr⁻¹,Net primary productivity equals gross primary productivity minus respiratory loss by producers: 2000 − 800 = 1200 kJ m⁻² yr⁻¹.,,,,,,
sivora-authored:d29217b7bfa8da13384a7ac1,BOTANY,Diversity in Living World,EASY,SINGLE_CORRECT,,,PRODUCTION,SIVORA_AUTHORED,SIVORA NEET Biology Batch 4,NEET,,,,,,A,A taxonomic key is primarily based on:,Contrasting characters arranged in paired choices,Evolutionary age determined only from fossils,The economic uses of organisms,Chromosome number alone,"A taxonomic key identifies organisms through a sequence of paired, contrasting statements called couplets, with each choice directing the user toward another couplet or an identification.",,,,,,
sivora-authored:da9063bec879671cdfffab80,BOTANY,Diversity in Living World,EASY,SINGLE_CORRECT,,,PRODUCTION,SIVORA_AUTHORED,SIVORA NEET Biology Batch 4,NEET,,,,,,A,Viroids differ from viruses because viroids consist of:,Small naked RNA molecules without a protein coat,DNA enclosed by a protein coat,RNA enclosed by a lipid envelope and capsid,Only protein molecules capable of replication,"Viroids are infectious agents composed only of a small, circular RNA molecule and lack the protein coat present in viruses.",,,,,,
sivora-authored:ce3a24ea829aa16bc2d23b81,BOTANY,Diversity in Living World,EASY,SINGLE_CORRECT,,,PRODUCTION,SIVORA_AUTHORED,SIVORA NEET Biology Batch 4,NEET,,,,,,A,Which combination correctly describes pteridophytes?,Dominant vascular sporophyte and reproduction by spores,Dominant non-vascular gametophyte and seed formation,Vascular sporophyte with flowers and fruits,Non-vascular sporophyte independent of the gametophyte,"Pteridophytes are seedless vascular plants with a dominant, independent sporophyte. They reproduce by spores rather than flowers, fruits or seeds.",,,,,,
sivora-authored:c57d6f528b3f1b9324ecfb45,BOTANY,Structural Organisation in Animals and Plants,EASY,SINGLE_CORRECT,,,PRODUCTION,SIVORA_AUTHORED,SIVORA NEET Biology Batch 4,NEET,,,,,,A,Pneumatophores in mangrove plants such as Avicennia mainly help in:,"Gas exchange in waterlogged, oxygen-poor soil",Storing food in dry soil,Climbing on nearby plants,Absorbing mineral salts from host tissue,Pneumatophores are negatively geotropic respiratory roots that project above waterlogged soil and bear openings for gaseous exchange.,,,,,,
sivora-authored:c14456ea044679dc89ecdf53,BOTANY,Structural Organisation in Animals and Plants,MEDIUM,SINGLE_CORRECT,,,PRODUCTION,SIVORA_AUTHORED,SIVORA NEET Biology Batch 4,NEET,,,,,,A,Heartwood in an old dicot stem is generally darker and non-conducting because its xylem elements:,Contain deposits such as resins and tannins and are often blocked by tyloses,Have newly formed companion cells conducting sugars,Retain active vascular cambium inside each vessel,Possess chloroplasts that absorb visible light,"Heartwood consists of older secondary xylem infiltrated with substances such as resins, oils and tannins; vessels may be blocked by tyloses. It provides support but no longer conducts water efficiently.",,,,,,
sivora-authored:69e0269df9042d8e9ecd86f3,BOTANY,Cell Structure and Function,EASY,SINGLE_CORRECT,,,PRODUCTION,SIVORA_AUTHORED,SIVORA NEET Biology Batch 4,NEET,,,,,,A,Which polysaccharide is the principal storage carbohydrate in animals and is highly branched?,Glycogen,Cellulose,Chitin,Pectin,"Glycogen is a highly branched polymer of glucose stored mainly in animal liver and muscle. Cellulose, chitin and pectin have chiefly structural roles.",,,,,,
sivora-authored:27333c751a95d382c5572b2b,BOTANY,Reproduction,MEDIUM,SINGLE_CORRECT,,,PRODUCTION,SIVORA_AUTHORED,SIVORA NEET Biology Batch 4,NEET,,,,,,A,Self-incompatibility promotes outcrossing in flowering plants by:,Preventing self-pollen from effecting fertilisation on a genetically related stigma,Making every flower unisexual,Ensuring that pollen is released only after fruit formation,Preventing meiosis in pollen mother cells,"Self-incompatibility is a genetically controlled pollen-pistil interaction that rejects self or genetically related pollen, thereby preventing self-fertilisation and promoting outcrossing.",,,,,,
sivora-authored:ed36695fe57f86db52791573,BOTANY,Ecology and Environment,MEDIUM,SINGLE_CORRECT,,,PRODUCTION,SIVORA_AUTHORED,SIVORA NEET Biology Batch 4,NEET,,,,,,A,"In the species-area relationship S = CAᶻ, a straight line is obtained by plotting:",log S against log A,S against log A,log S against A,S/A against A,"Taking logarithms gives log S = log C + Z log A, which is a straight-line equation when log S is plotted against log A; Z is its slope.",,,,,,
sivora-authored:75436d5cbeadbc5e717823ca,ZOOLOGY,Structural Organisation in Animals and Plants,EASY,SINGLE_CORRECT,,,PRODUCTION,SIVORA_AUTHORED,SIVORA NEET Biology Batch 4,NEET,,,,,,A,A typical skeletal muscle fibre is:,"Striated, voluntary and multinucleate","Non-striated, voluntary and uninucleate","Striated, involuntary and branched","Non-striated, involuntary and multinucleate","Skeletal muscle fibres are long, cylindrical, striated cells with many peripheral nuclei and are usually under voluntary control.",,,,,,
sivora-authored:eccadadaa74194a88065e019,ZOOLOGY,Cell Structure and Function,MEDIUM,SINGLE_CORRECT,,,PRODUCTION,SIVORA_AUTHORED,SIVORA NEET Biology Batch 4,NEET,,,,,,A,During anaphase I of meiosis in a diploid cell:,Homologous chromosomes separate while sister centromeres remain intact,Sister chromatids separate because centromeres divide,DNA replication occurs before homologues separate,Homologous chromosomes pair by synapsis,"Anaphase I is the reductional separation of homologous chromosomes. Their centromeres do not divide, so sister chromatids remain joined until anaphase II.",,,,,,
sivora-authored:aecb67b5926a4b66d896cdc1,ZOOLOGY,Reproduction,MEDIUM,SINGLE_CORRECT,,,PRODUCTION,SIVORA_AUTHORED,SIVORA NEET Biology Batch 4,NEET,,,,,,A,"During early human pregnancy, human chorionic gonadotropin helps maintain the endometrium mainly by:",Maintaining the corpus luteum and its progesterone secretion,Directly causing monthly ovulation,Suppressing all placental hormone secretion,Stimulating milk ejection from mammary glands,"hCG from trophoblastic tissue maintains the corpus luteum during early pregnancy. The corpus luteum continues secreting progesterone, which supports the endometrium.",,,,,,
sivora-authored:06b47ef8c2646c458d61e9c5,ZOOLOGY,Genetics and Evolution,MEDIUM,SINGLE_CORRECT,,,PRODUCTION,SIVORA_AUTHORED,SIVORA NEET Biology Batch 4,NEET,,,,,,A,"During translation, the ribosome normally moves along mRNA and the polypeptide grows in which respective directions?",5′→3′ along mRNA and from the amino terminus toward the carboxyl terminus,3′→5′ along mRNA and from the carboxyl terminus toward the amino terminus,5′→3′ along mRNA and from the carboxyl terminus toward the amino terminus,3′→5′ along mRNA and from the amino terminus toward the carboxyl terminus,"The ribosome reads codons on mRNA in the 5′→3′ direction. Each new amino acid is added to the carboxyl end, so the chain is synthesised from its amino terminus toward its carboxyl terminus.",,,,,,
sivora-authored:dc5452ecf17abb93f2acf008,ZOOLOGY,Biology and Human Welfare,EASY,SINGLE_CORRECT,,,PRODUCTION,SIVORA_AUTHORED,SIVORA NEET Biology Batch 4,NEET,,,,,,A,A vaccinated person usually mounts a faster and stronger response on later exposure to the same antigen because vaccination generates:,Antigen-specific memory lymphocytes,A permanent increase in all neutrophils,Non-specific antibodies against every pathogen,Red blood cells carrying the antigen,"Vaccination induces a primary adaptive immune response and forms antigen-specific memory B and T lymphocytes, which respond rapidly and strongly upon re-exposure.",,,,,,
sivora-authored:658efd370018772d1c38e87d,ZOOLOGY,Genetics and Evolution,EASY,SINGLE_CORRECT,,,PRODUCTION,SIVORA_AUTHORED,SIVORA NEET Biology Batch 4,NEET,,,,,,A,"The forelimbs of humans, whales and bats have the same basic skeletal plan but perform different functions. They are examples of:",Homologous organs indicating divergent evolution,Analogous organs indicating convergent evolution,Vestigial organs indicating mutation alone,Identical organs with no evolutionary significance,A shared basic structural plan inherited from a common ancestor makes these forelimbs homologous. Their modification for different functions illustrates divergent evolution.,,,,,,
sivora-authored:033b12b4a578966345c119d2,ZOOLOGY,Biotechnology and Its Applications,MEDIUM,SINGLE_CORRECT,,,PRODUCTION,SIVORA_AUTHORED,SIVORA NEET Biology Batch 4,NEET,,,,,,A,RNA interference can silence a specific gene because introduced double-stranded RNA leads to:,Sequence-specific degradation or suppression of complementary mRNA,Random duplication of every chromosome,Permanent translation of all cellular mRNAs,Replacement of ribosomal RNA with DNA,"Double-stranded RNA is processed into small interfering RNAs that guide a silencing complex to complementary mRNA, causing its degradation or blocking its expression.",,,,,,
sivora-authored:c2b3319ac35a99496bbd85a1,BOTANY,Diversity in Living World,EASY,SINGLE_CORRECT,,,PRODUCTION,SIVORA_AUTHORED,SIVORA NEET Biology Batch 5,NEET,,,,,,A,"A lichen is an association in which the photosynthetic partner mainly provides food, while the fungal partner mainly provides:",Shelter and absorption of water and minerals,Nitrogen gas for photosynthesis,Chlorophyll for light absorption,Gametes for sexual reproduction of the alga,"In a lichen, the alga or cyanobacterium supplies photosynthetic food, while the fungus provides protection, anchorage, water and mineral absorption.",,,,,,
sivora-authored:568bb48ee9db5f0fd55bb9df,BOTANY,Diversity in Living World,EASY,SINGLE_CORRECT,,,PRODUCTION,SIVORA_AUTHORED,SIVORA NEET Biology Batch 5,NEET,,,,,,A,Gymnosperms are described as having naked seeds because their ovules:,Are not enclosed within an ovary,Lack an integument at every stage,Develop without fertilisation,Are produced inside fruits without a pericarp,"Gymnosperm ovules are exposed on reproductive structures rather than enclosed by an ovary. Consequently, their seeds are not enclosed within fruits.",,,,,,
sivora-authored:aad7258714ccd62adc12f1a7,BOTANY,Cell Structure and Function,MEDIUM,SINGLE_CORRECT,,,PRODUCTION,SIVORA_AUTHORED,SIVORA NEET Biology Batch 5,NEET,,,,,,A,"According to the fluid mosaic model, a plasma membrane is best described as:",A fluid phospholipid bilayer with proteins embedded in or associated with it,A rigid protein sheet coated on both sides by lipids,A cellulose layer containing freely moving DNA,A carbohydrate bilayer lacking proteins,The fluid mosaic model describes a dynamic phospholipid bilayer in which integral and peripheral proteins form a mosaic and many components can move laterally.,,,,,,
sivora-authored:ed3a2f27be0f2012165b969e,BOTANY,Cell Structure and Function,EASY,SINGLE_CORRECT,,,PRODUCTION,SIVORA_AUTHORED,SIVORA NEET Biology Batch 5,NEET,,,,,,A,A nucleotide differs from a nucleoside by the presence of:,One or more phosphate groups,A nitrogenous base,A pentose sugar,A glycosidic bond,A nucleoside contains a nitrogenous base joined to a pentose sugar. Addition of one or more phosphate groups produces a nucleotide.,,,,,,
sivora-authored:e4ee5ddf84e466e6b9ab9044,BOTANY,Plant Physiology,MEDIUM,SINGLE_CORRECT,,,PRODUCTION,SIVORA_AUTHORED,SIVORA NEET Biology Batch 5,NEET,,,,,,A,Photorespiration begins when RuBisCO acts as an oxygenase and catalyses the reaction of O₂ with:,"Ribulose-1,5-bisphosphate",Phosphoenolpyruvate,Oxaloacetate,Glucose-6-phosphate,"In photorespiration, RuBisCO oxygenates ribulose-1,5-bisphosphate, producing one molecule each of 3-phosphoglycerate and 2-phosphoglycolate.",,,,,,
sivora-authored:5077c1f0d28d1fd2d9f6c2c4,BOTANY,Plant Physiology,MEDIUM,SINGLE_CORRECT,,,PRODUCTION,SIVORA_AUTHORED,SIVORA NEET Biology Batch 5,NEET,,,,,,A,"In aerobic respiration, molecular oxygen functions at the end of the mitochondrial electron transport chain as the:",Final electron acceptor that is reduced to water,Initial electron donor that is oxidised to carbon dioxide,Carrier that transfers acetyl groups into the matrix,Enzyme that phosphorylates ADP,Oxygen accepts electrons and protons at the terminal step of the electron transport chain and is reduced to water. This permits continued electron flow and oxidative phosphorylation.,,,,,,
sivora-authored:4e21268af7620e629c27f9fc,BOTANY,Plant Physiology,MEDIUM,SINGLE_CORRECT,,,PRODUCTION,SIVORA_AUTHORED,SIVORA NEET Biology Batch 5,NEET,,,,,,A,"Application of gibberellin to a rosette plant can induce rapid internode elongation before flowering, a response called:",Bolting,Abscission,Apical dominance,Vernalisation,Gibberellins can cause rapid elongation of shortened internodes in rosette plants before flowering; this growth response is called bolting.,,,,,,
sivora-authored:15adecd53b0747262da52216,BOTANY,Ecology and Environment,MEDIUM,SINGLE_CORRECT,,,PRODUCTION,SIVORA_AUTHORED,SIVORA NEET Biology Batch 5,NEET,,,,,,A,"Unlike the carbon cycle, the phosphorus cycle has no significant atmospheric phase mainly because phosphorus:","Usually circulates through rocks, soil, water and organisms as non-volatile phosphates",Is absent from living organisms,Cannot dissolve in water under any condition,Is produced only by atmospheric nitrogen fixation,"Phosphorus is mainly stored in rocks and sediments and moves as phosphate through soil, water and food webs. It lacks a substantial gaseous reservoir under ordinary biological conditions.",,,,,,
sivora-authored:5709d4e2f9e2e281ec1c88ae,ZOOLOGY,Structural Organisation in Animals and Plants,EASY,SINGLE_CORRECT,,,PRODUCTION,SIVORA_AUTHORED,SIVORA NEET Biology Batch 5,NEET,,,,,,A,The circulatory system of a cockroach is described as open because:,Haemolymph flows through body sinuses and is not confined to a closed network of vessels,Its heart opens directly to the exterior,Blood and tissue fluid are separated by capillary walls,Respiratory gases are transported only through veins,"In an open circulatory system, haemolymph pumped by the dorsal vessel enters body sinuses and directly bathes the organs rather than remaining within a closed vascular network.",,,,,,
sivora-authored:00f49445d99fe639f06017d2,ZOOLOGY,Cell Structure and Function,MEDIUM,SINGLE_CORRECT,,,PRODUCTION,SIVORA_AUTHORED,SIVORA NEET Biology Batch 5,NEET,,,,,,A,"For each ATP hydrolysed by the sodium-potassium pump in a typical animal cell, the pump transports:",3 Na⁺ out and 2 K⁺ in,2 Na⁺ out and 3 K⁺ in,3 Na⁺ in and 2 K⁺ out,Equal numbers of Na⁺ and K⁺ in the same direction,The Na⁺/K⁺-ATPase is a primary active transporter that exports three Na⁺ ions and imports two K⁺ ions per ATP hydrolysed.,,,,,,
sivora-authored:82315df93108050c29cfd2fc,ZOOLOGY,Reproduction,MEDIUM,SINGLE_CORRECT,,,PRODUCTION,SIVORA_AUTHORED,SIVORA NEET Biology Batch 5,NEET,,,,,,A,"During human fertilisation, the acrosomal reaction helps a sperm primarily by:",Releasing enzymes that facilitate penetration of the egg coverings,Completing meiosis I in the sperm nucleus,Producing progesterone to maintain the endometrium,Forming the mitotic spindle of the zygote,"The acrosome releases hydrolytic enzymes that help the sperm traverse the egg coverings, including the zona pellucida, before fusion with the oocyte membrane.",,,,,,
sivora-authored:5606da2e22bedf59f43df6bd,ZOOLOGY,Genetics and Evolution,MEDIUM,SINGLE_CORRECT,,,PRODUCTION,SIVORA_AUTHORED,SIVORA NEET Biology Batch 5,NEET,,,,,,A,Two genes located very close together on the same chromosome generally show:,Linkage with a recombination frequency well below 50%,Independent assortment with exactly 50% recombination in every cross,No transmission to gametes,Recombination frequencies greater than 100%,"Closely located genes are linked and are less likely to be separated by crossing over, so their recombination frequency is below 50% and often quite small.",,,,,,
sivora-authored:666d29595ae7ef7cc08e76e8,ZOOLOGY,Genetics and Evolution,MEDIUM,SINGLE_CORRECT,,,PRODUCTION,SIVORA_AUTHORED,SIVORA NEET Biology Batch 5,NEET,,,,,,A,"During DNA replication, short Okazaki fragments are formed on the lagging strand and are joined by:",DNA ligase,DNA helicase,Primase,Topoisomerase,"After replacement of RNA primers and filling of the resulting gaps, DNA ligase seals phosphodiester breaks between adjacent Okazaki fragments to make a continuous lagging strand.",,,,,,
sivora-authored:1aa6a23a2be1381c4fa84630,ZOOLOGY,Biology and Human Welfare,EASY,SINGLE_CORRECT,,,PRODUCTION,SIVORA_AUTHORED,SIVORA NEET Biology Batch 5,NEET,,,,,,A,The infective stage of Plasmodium that enters a human during the bite of an infected female Anopheles mosquito is the:,Sporozoite,Merozoite,Gametocyte,Ookinete,An infected female Anopheles injects sporozoites with its saliva. These travel to the liver and initiate the human phase of the malarial life cycle.,,,,,,
sivora-authored:840fce4e8643e7ab099845b6,ZOOLOGY,Ecology and Environment,MEDIUM,SINGLE_CORRECT,,,PRODUCTION,SIVORA_AUTHORED,SIVORA NEET Biology Batch 5,NEET,,,,,,A,An expanding human population is represented by an age pyramid in which the:,Pre-reproductive group is larger than the reproductive group,Post-reproductive group is larger than both younger groups,Three age groups are approximately equal in size,Pre-reproductive group is absent,"A broad base with a relatively large pre-reproductive population indicates that many individuals will soon enter reproductive ages, producing positive population growth.",,,,,,
sivora-authored:fc17ef2ce2bb025a4de7c781,BOTANY,Diversity in Living World,EASY,SINGLE_CORRECT,,,PRODUCTION,SIVORA_AUTHORED,SIVORA NEET Biology Batch 6,NEET,,,,,,A,The sexual spores of ascomycete fungi are typically produced:,Endogenously inside sac-like asci,Exogenously on basidia,Inside bacterial endospores,Within archegonia,Ascomycetes form sexual ascospores endogenously within sac-like structures called asci. Basidiospores are produced externally on basidia.,,,,,,
sivora-authored:136e6cf666b047f158239253,BOTANY,Diversity in Living World,MEDIUM,SINGLE_CORRECT,,,PRODUCTION,SIVORA_AUTHORED,SIVORA NEET Biology Batch 6,NEET,,,,,,A,Heterospory in Selaginella is considered an important step toward seed habit because it involves:,Production of distinct microspores and megaspores,Formation of flowers and fruits,Loss of vascular tissue,A gametophyte that is always free-living and bisexual,Selaginella produces small microspores and large megaspores that form separate male and female gametophytes. Heterospory and retention of the megaspore foreshadow the seed habit.,,,,,,
sivora-authored:4bf97871cb7f45c7d5821ddf,BOTANY,Structural Organisation in Animals and Plants,EASY,SINGLE_CORRECT,,,PRODUCTION,SIVORA_AUTHORED,SIVORA NEET Biology Batch 6,NEET,,,,,,A,"In an epigynous flower, the ovary is described as inferior because:",The other floral whorls appear to arise above the ovary,The gynoecium is absent,The sepals alone arise below the ovary,The ovules are exposed on a cone,"In epigynous flowers, the thalamus surrounds and is fused with the ovary, so sepals, petals and stamens appear to arise above it. The ovary is therefore inferior.",,,,,,
sivora-authored:bf3eeb2e45c91a7fe9775798,BOTANY,Structural Organisation in Animals and Plants,MEDIUM,SINGLE_CORRECT,,,PRODUCTION,SIVORA_AUTHORED,SIVORA NEET Biology Batch 6,NEET,,,,,,A,Kranz anatomy in a typical C₄ leaf is characterised by:,Prominent chloroplast-rich bundle-sheath cells arranged around vascular bundles,Absence of bundle-sheath cells around veins,Stomata restricted entirely to vascular tissue,A vascular cambium within every leaf bundle,"C₄ leaves characteristically have large, chloroplast-rich bundle-sheath cells arranged in a wreath around vascular bundles, with mesophyll cells surrounding them.",,,,,,
sivora-authored:887c9b1d9f65687e595b1d90,BOTANY,Cell Structure and Function,MEDIUM,SINGLE_CORRECT,,,PRODUCTION,SIVORA_AUTHORED,SIVORA NEET Biology Batch 6,NEET,,,,,,A,An α-helix in a protein is stabilised mainly by hydrogen bonds between:,Peptide backbone C=O and N−H groups,Adjacent phosphate groups of DNA,R groups joined only by peptide bonds,Glycerol and fatty-acid molecules,The α-helix is a secondary protein structure stabilised by regular intrachain hydrogen bonds between backbone carbonyl oxygen and amide hydrogen groups.,,,,,,
sivora-authored:75cb35da5fb98d57f9c76e6b,BOTANY,Plant Physiology,MEDIUM,SINGLE_CORRECT,,,PRODUCTION,SIVORA_AUTHORED,SIVORA NEET Biology Batch 6,NEET,,,,,,A,Fixation of six CO₂ molecules through the Calvin cycle to yield one hexose requires:,18 ATP and 12 NADPH,12 ATP and 18 NADPH,6 ATP and 6 NADPH,24 ATP and 6 NADPH,"Fixation of one CO₂ requires three ATP and two NADPH. Therefore, six CO₂ require 18 ATP and 12 NADPH to provide the net carbon equivalent of one hexose.",,,,,,
sivora-authored:620802d42f0a70410723da0d,BOTANY,Reproduction,MEDIUM,SINGLE_CORRECT,,,PRODUCTION,SIVORA_AUTHORED,SIVORA NEET Biology Batch 6,NEET,,,,,,A,"During controlled hybridisation, emasculation of a bisexual flower means:",Removing its anthers before they dehisce,Removing its stigma after pollination,Covering the flower without removing anthers,Inducing seed formation without fertilisation,"Emasculation removes anthers from the chosen female parent before pollen release, preventing self-pollination. The flower is then bagged until desired pollen is applied.",,,,,,
sivora-authored:19d482cb1623f4d0ee7fea7b,BOTANY,Plant Physiology,MEDIUM,SINGLE_CORRECT,,,PRODUCTION,SIVORA_AUTHORED,SIVORA NEET Biology Batch 6,NEET,,,,,,A,"During water stress, abscisic acid helps limit water loss primarily by promoting:",Closure of stomata,Opening of stomata,Rapid bolting,Cell division in the vascular cambium,"Abscisic acid accumulates during water stress and signals guard cells to close stomata, reducing transpiration and conserving water.",,,,,,
sivora-authored:80a49711a47f0dce8fdaf94c,ZOOLOGY,Structural Organisation in Animals and Plants,EASY,SINGLE_CORRECT,,,PRODUCTION,SIVORA_AUTHORED,SIVORA NEET Biology Batch 6,NEET,,,,,,A,Which feature is characteristic of cardiac muscle tissue?,Branched striated fibres connected by intercalated discs,Long unbranched fibres under voluntary control with no junctions,Spindle-shaped non-striated fibres with many peripheral nuclei,A non-contractile matrix containing chondrocytes,"Cardiac muscle consists of involuntary, striated, branched cells joined by intercalated discs, which support coordinated contraction.",,,,,,
sivora-authored:7e6190f98858bf50a0620877,ZOOLOGY,Human Physiology,EASY,SINGLE_CORRECT,,,PRODUCTION,SIVORA_AUTHORED,SIVORA NEET Biology Batch 6,NEET,,,,,,A,The volume of air inspired or expired during a normal quiet breath in a healthy adult is approximately:,500 mL,1200 mL,2500 mL,4500 mL,Tidal volume is the air moved in or out during an ordinary quiet breath and is approximately 500 mL in a healthy adult.,,,,,,
sivora-authored:938d6eaaa2e45fde807099c7,ZOOLOGY,Human Physiology,MEDIUM,SINGLE_CORRECT,,,PRODUCTION,SIVORA_AUTHORED,SIVORA NEET Biology Batch 6,NEET,,,,,,A,"If heart rate is 75 beats min⁻¹ and stroke volume is 70 mL beat⁻¹, cardiac output is:",5.25 L min⁻¹,1.07 L min⁻¹,10.5 L min⁻¹,145 L min⁻¹,"Cardiac output equals heart rate multiplied by stroke volume: 75 × 70 = 5250 mL min⁻¹, or 5.25 L min⁻¹.",,,,,,
sivora-authored:4efee72dcdc73b02e6991eee,ZOOLOGY,Human Physiology,MEDIUM,SINGLE_CORRECT,,,PRODUCTION,SIVORA_AUTHORED,SIVORA NEET Biology Batch 6,NEET,,,,,,A,Antidiuretic hormone increases water conservation by increasing water permeability mainly in the:,Distal tubules and collecting ducts,Bowman's capsule and glomerulus,Ascending limb of the loop of Henle only,Renal artery and renal vein,"ADH promotes insertion of aquaporins in cells of the late distal tubule and collecting duct, increasing water reabsorption and concentrating urine.",,,,,,
sivora-authored:c7f4d581bd9db7d466ee271e,ZOOLOGY,Reproduction,MEDIUM,SINGLE_CORRECT,,,PRODUCTION,SIVORA_AUTHORED,SIVORA NEET Biology Batch 6,NEET,,,,,,A,"Immediately after meiosis I in spermatogenesis, each secondary spermatocyte has:",n chromosomes and 2C DNA,2n chromosomes and 4C DNA,n chromosomes and 1C DNA,2n chromosomes and 2C DNA,"Meiosis I separates homologous chromosomes. Each secondary spermatocyte is haploid (n), but every chromosome still has two sister chromatids, giving 2C DNA.",,,,,,
sivora-authored:2ce564b6621f74b8d44092b3,ZOOLOGY,Genetics and Evolution,MEDIUM,SINGLE_CORRECT,,,PRODUCTION,SIVORA_AUTHORED,SIVORA NEET Biology Batch 6,NEET,,,,,,A,Industrial melanism in peppered moths is best explained as a change in morph frequency caused by:,Differential survival and reproduction under natural selection,Individual moths darkening their wings in response to soot,Random transformation of all light moths into dark moths,Use and disuse of wing pigments during one lifetime,"Environmental change altered camouflage and bird predation, so differently coloured inherited morphs had different survival and reproductive success. This is natural selection, not acquired change in individuals.",,,,,,
sivora-authored:3a3fa37e2a41f8525eb70700,ZOOLOGY,Biology and Human Welfare,EASY,SINGLE_CORRECT,,,PRODUCTION,SIVORA_AUTHORED,SIVORA NEET Biology Batch 6,NEET,,,,,,A,An immediate allergic response commonly involves allergen-specific IgE triggering mast cells to release:,Histamine,Insulin,Thyroxine,Erythropoietin,Allergen cross-linking of IgE on sensitised mast cells causes degranulation and release of histamine and other mediators responsible for immediate allergy symptoms.,,,,,,
sivora-authored:339cbdcdca656e90e816dc22,BOTANY,Biotechnology and Its Applications,MEDIUM,SINGLE_CORRECT,,,PRODUCTION,SIVORA_AUTHORED,SIVORA NEET Biology Batch 7,NEET,,,,,,A,"During a standard PCR cycle, Taq DNA polymerase extends primers most efficiently during the step performed near:",72 °C,95 °C,37 °C,4 °C,"PCR commonly uses denaturation near 95 °C, primer annealing at a lower sequence-dependent temperature, and extension near 72 °C, the optimum for Taq polymerase.",,,,,,
sivora-authored:a92fba74f1f46e0a63044583,BOTANY,Biotechnology and Its Applications,MEDIUM,SINGLE_CORRECT,,,PRODUCTION,SIVORA_AUTHORED,SIVORA NEET Biology Batch 7,NEET,,,,,,A,"During agarose gel electrophoresis, DNA fragments move toward the anode primarily because DNA:",Carries negatively charged phosphate groups,Carries positively charged nitrogenous bases,Is electrically neutral but attracted by agarose,Contains ATP that moves toward positive electrodes,"The phosphate backbone gives DNA a net negative charge, so DNA migrates toward the positive electrode. Smaller fragments generally move faster through the gel matrix.",,,,,,
sivora-authored:f46fcaa18a0cb9e08dea23b7,BOTANY,Ecology and Environment,EASY,SINGLE_CORRECT,,,PRODUCTION,SIVORA_AUTHORED,SIVORA NEET Biology Batch 7,NEET,,,,,,A,An orchid growing as an epiphyte on a mango branch exemplifies commensalism because:,The orchid gains support while the mango is neither helped nor harmed,Both species receive nutritional benefit,The orchid kills and consumes mango tissue,The mango benefits while the orchid is harmed,"The epiphytic orchid obtains physical support and better access to light, while the mango tree is generally unaffected, which defines commensalism.",,,,,,
sivora-authored:6dfbeff94ffd346e2bbcf758,BOTANY,Ecology and Environment,EASY,SINGLE_CORRECT,,,PRODUCTION,SIVORA_AUTHORED,SIVORA NEET Biology Batch 7,NEET,,,,,,A,"In primary succession on bare rock, the usual pioneer community consists mainly of:",Lichens,Large trees,Submerged hydrophytes,Grazing mammals,"Lichens can colonise bare rock, weather its surface and contribute organic matter, helping form soil for later communities in primary succession.",,,,,,
sivora-authored:1d86184a622c240a0287c88e,BOTANY,Ecology and Environment,MEDIUM,SINGLE_CORRECT,,,PRODUCTION,SIVORA_AUTHORED,SIVORA NEET Biology Batch 7,NEET,,,,,,A,Which litter would generally decompose most slowly under otherwise similar conditions?,Litter rich in lignin and chitin,Litter rich in soluble sugars and nitrogen,Soft leaf litter with little lignin,Finely fragmented litter with abundant moisture,"Lignin and chitin are resistant to microbial breakdown, so litter rich in them decomposes slowly. Soluble nutrients, fragmentation and adequate moisture generally accelerate decomposition.",,,,,,
sivora-authored:4d79c219751d1480356336a1,ZOOLOGY,Ecology and Environment,EASY,SINGLE_CORRECT,,,PRODUCTION,SIVORA_AUTHORED,SIVORA NEET Biology Batch 7,NEET,,,,,,A,The most important current cause of biodiversity loss worldwide is:,Habitat loss and fragmentation,Formation of new ecological niches,Natural seasonal migration,Normal meiotic recombination,"Destruction and fragmentation of natural habitats eliminate populations and isolate survivors, making habitat loss the leading component of contemporary biodiversity decline.",,,,,,
sivora-authored:15c88341426512480793c471,ZOOLOGY,Reproduction,EASY,SINGLE_CORRECT,,,PRODUCTION,SIVORA_AUTHORED,SIVORA NEET Biology Batch 7,NEET,,,,,,A,"In normal human development, implantation in the uterine endometrium begins when the embryo is at the:",Blastocyst stage,Unfertilised secondary-oocyte stage,Four-sperm stage,Gastrula stage before cleavage,"After cleavage and formation of a morula, a blastocyst develops. Its trophoblast attaches to and invades the uterine endometrium during implantation.",,,,,,
sivora-authored:41895ab93da8b5353d5765fb,ZOOLOGY,Genetics and Evolution,MEDIUM,SINGLE_CORRECT,,,PRODUCTION,SIVORA_AUTHORED,SIVORA NEET Biology Batch 7,NEET,,,,,,A,"For an X-linked recessive disorder, an affected father (XʰY) and a homozygous unaffected mother (XᴴXᴴ) will have:",All daughters as carriers and all sons unaffected,All daughters affected and all sons unaffected,Half the sons affected and all daughters unaffected non-carriers,All children affected,"Every daughter receives Xʰ from the father and Xᴴ from the mother, so all are carriers. Every son receives Y from the father and Xᴴ from the mother, so all are unaffected.",,,,,,
sivora-authored:06cbc54b6b164bcb20d44e73,ZOOLOGY,Genetics and Evolution,EASY,SINGLE_CORRECT,,,PRODUCTION,SIVORA_AUTHORED,SIVORA NEET Biology Batch 7,NEET,,,,,,A,Down syndrome most commonly results from:,Trisomy of chromosome 21,Monosomy of chromosome 21,An extra Y chromosome in every female,Deletion of all mitochondrial DNA,"Down syndrome is most commonly caused by meiotic nondisjunction producing an extra copy of chromosome 21, giving trisomy 21.",,,,,,
sivora-authored:8a45106b14bb99667e2a338c,ZOOLOGY,Genetics and Evolution,EASY,SINGLE_CORRECT,,,PRODUCTION,SIVORA_AUTHORED,SIVORA NEET Biology Batch 7,NEET,,,,,,A,The genetic code is described as degenerate because:,More than one codon can specify the same amino acid,One codon normally specifies several amino acids simultaneously,Every codon is a stop codon,Codons are read without a fixed direction,Most amino acids are specified by more than one codon. This redundancy is called degeneracy; an individual codon remains unambiguous for a particular amino acid or stop signal.,,,,,,
sivora-authored:f1e7c89d0e597eabdf1dc5aa,PHYSICS,Gravitation,EASY,SINGLE_CORRECT,,,PRODUCTION,SIVORA_AUTHORED,SIVORA Physics Authoring Batch 1,NEET,,,,,,A,Two bodies of unequal masses attract each other gravitationally. The force on the heavier body is:,Equal in magnitude to the force on the lighter body,Greater because the body is heavier,Smaller because the body is heavier,Zero if the heavier body is at rest,"The gravitational interaction obeys Newton's third law: each body experiences equal-magnitude, opposite-direction force.",,,,,,
sivora-authored:0550535fb86837972bba7c83,PHYSICS,Gravitation,EASY,SINGLE_CORRECT,,,PRODUCTION,SIVORA_AUTHORED,SIVORA Physics Authoring Batch 1,NEET,,,,,,A,"At an altitude equal to Earth's radius above its surface, the acceleration due to gravity is approximately:",g/4,g/2,g,4g,"The distance from Earth's centre is 2R, so g' = g(R/2R)² = g/4.",,,,,,
sivora-authored:ea30236a478fc7fd29241ae0,PHYSICS,Gravitation,EASY,SINGLE_CORRECT,,,PRODUCTION,SIVORA_AUTHORED,SIVORA Physics Authoring Batch 1,NEET,,,,,,A,"According to Kepler's second law, the line joining a planet to the Sun sweeps out:",Equal areas in equal intervals of time,Equal angles in equal intervals of time,Equal distances in equal intervals of time,Areas proportional to the planet's speed,Kepler's area law states that the radius vector sweeps equal areas in equal times.,,,,,,
sivora-authored:1daee9006c07d613e96ff6d4,PHYSICS,Gravitation,MEDIUM,SINGLE_CORRECT,,,PRODUCTION,SIVORA_AUTHORED,SIVORA Physics Authoring Batch 1,NEET,,,,,,A,A planet has surface gravitational acceleration 10 m s⁻² and radius 6.4 × 10⁶ m. Its escape speed is closest to:,11.3 km s⁻¹,8.0 km s⁻¹,6.4 km s⁻¹,16.0 km s⁻¹,vₑ = √(2gR) = √(2 × 10 × 6.4 × 10⁶) ≈ 1.13 × 10⁴ m s⁻¹ = 11.3 km s⁻¹.,,,,,,
sivora-authored:738f4f37da00a690d0282602,PHYSICS,Gravitation,MEDIUM,SINGLE_CORRECT,,,PRODUCTION,SIVORA_AUTHORED,SIVORA Physics Authoring Batch 1,NEET,,,,,,A,"A satellite moving in a stable circular orbit with speed vᴄ is given a small tangential speed increase to v'. Immediately afterward, at the same radius, the gravitational force available compared with the centripetal force required to maintain circular motion at speed v' is:",Smaller,Equal,Larger,Zero,"Initially, gravity supplies mvᴄ²/r. Immediately after the increase, gravity is unchanged, while circular motion at v' > vᴄ would require mv'²/r, which is larger. Thus gravity is insufficient to maintain circular motion at that speed and radius.",,,,,,
